time,TID,voltage,current,temp,rtd,nComp,nErr,errRate,isI2C
datetime64[ns],float64,float32,float32,float32,float32,float32,float32,float32,bool
2022-09-28 18:17:48,284.02213333333333,1.190000057220459,0.32589998841285706,-13.423100471496582,948.3200073242188,15604203.0,0.0,0.0,False
2022-09-28 18:28:15,284.98179166666665,1.2000000476837158,0.3260999917984009,-13.512100219726562,947.97998046875,416423936.0,416423936.0,1.0,False
2022-09-28 18:28:34,285.0108722222222,1.2000000476837158,0.3260999917984009,-13.554900169372559,947.8099975585938,416611840.0,416611840.0,1.0,False
2022-09-28 18:28:53,285.0399527777777,1.190000057220459,0.3260999917984009,-13.524200439453125,947.9299926757812,416709536.0,416709536.0,1.0,False
2022-09-28 18:30:48,285.21596666666665,1.2000000476837158,0.3260999917984009,-13.458100318908691,948.1900024414062,416638304.0,0.0,0.0,False
2022-09-28 18:30:59,285.23280277777775,1.190000057220459,0.3260999917984009,-13.442999839782715,948.239990234375,833161280.0,0.0,0.0,False
2022-09-28 18:31:09,285.2481083333333,1.2000000476837158,0.3260999917984009,-13.447099685668945,948.22998046875,1249490688.0,0.0,0.0,False
2022-09-28 18:31:20,285.26494444444444,1.190000057220459,0.3260999917984009,-13.491600036621094,948.0599975585938,1703727104.0,0.0,0.0,True
2022-09-28 18:31:31,285.28178055555554,1.2000000476837158,0.3260999917984009,-13.521900177001953,947.9400024414062,2120054400.0,0.0,0.0,False
2022-09-28 18:31:41,285.29708611111107,1.190000057220459,0.3260999917984009,-13.477399826049805,948.1099853515625,2536413696.0,0.0,0.0,False
2022-09-28 18:31:52,285.3139222222222,1.2000000476837158,0.3260999917984009,-13.433799743652344,948.280029296875,2952817664.0,0.0,0.0,False
2022-09-28 18:32:02,285.32922777777776,1.2000000476837158,0.3260999917984009,-13.45359992980957,948.2000122070312,3369194752.0,0.0,0.0,False
2022-09-28 18:32:12,285.34453333333335,1.190000057220459,0.3260999917984009,-13.420299530029297,948.3300170898438,3785546752.0,0.0,0.0,False
2022-09-28 18:32:24,285.36289999999997,1.2000000476837158,0.3260999917984009,-13.377599716186523,948.5,4237678080.0,0.0,0.0,True
2022-09-28 18:32:34,285.37820555555555,1.190000057220459,0.3260999917984009,-13.430800437927246,948.2899780273438,359200736.0,0.0,0.0,False
2022-09-28 18:32:44,285.3935111111111,1.2000000476837158,0.3260999917984009,-13.387499809265137,948.4600219726562,775626304.0,0.0,0.0,False
2022-09-28 18:32:55,285.41034722222224,1.190000057220459,0.3260999917984009,-13.456399917602539,948.1900024414062,1191953536.0,0.0,0.0,False
2022-09-28 18:33:05,285.42565277777777,1.2000000476837158,0.3260999917984009,-13.423100471496582,948.3200073242188,1608283648.0,0.0,0.0,False
2022-09-28 18:33:16,285.4424888888889,1.190000057220459,0.3260999917984009,-13.408100128173828,948.3800048828125,2024640768.0,0.0,0.0,False
2022-09-28 18:33:27,285.459325,1.190000057220459,0.3260999917984009,-13.451499938964844,948.2100219726562,2476809728.0,0.0,0.0,True
2022-09-28 18:33:37,285.47463055555556,1.2000000476837158,0.3260999917984009,-13.462400436401367,948.1699829101562,2893254400.0,0.0,0.0,False
2022-09-28 18:33:48,285.49146666666667,1.2000000476837158,0.32600000500679016,-13.44480037689209,948.239990234375,3309783552.0,0.0,0.0,False
2022-09-28 18:33:58,285.5067722222222,1.190000057220459,0.3260999917984009,-13.47350025177002,948.1300048828125,3726137344.0,0.0,0.0,False
2022-09-28 18:34:09,285.5236083333333,1.190000057220459,0.3260999917984009,-13.474800109863281,948.1199951171875,4142474496.0,0.0,0.0,False
2022-09-28 18:34:19,285.5389138888889,1.2000000476837158,0.3260999917984009,-13.450400352478027,948.219970703125,263873648.0,0.0,0.0,False
2022-09-28 18:34:30,285.55575,1.2000000476837158,0.3260999917984009,-13.47130012512207,948.1400146484375,718064384.0,0.0,0.0,True
2022-09-28 18:34:41,285.5725861111111,1.2000000476837158,0.3260999917984009,-13.528200149536133,947.9199829101562,1134434944.0,0.0,0.0,False
2022-09-28 18:34:51,285.5878916666666,1.2000000476837158,0.3260999917984009,-13.480999946594238,948.0999755859375,1550791808.0,0.0,0.0,False
2022-09-28 18:35:02,285.6047277777777,1.2000000476837158,0.3260999917984009,-13.50160026550293,948.02001953125,1967167104.0,0.0,0.0,False
2022-09-28 18:35:12,285.6200333333333,1.2000000476837158,0.3260999917984009,-13.455900192260742,948.1900024414062,2383519488.0,0.0,0.0,False
2022-09-28 18:35:22,285.6353388888889,1.190000057220459,0.3260999917984009,-13.444700241088867,948.239990234375,2799965952.0,0.0,0.0,False
2022-09-28 18:35:34,285.6537055555555,1.2000000476837158,0.3260999917984009,-13.443900108337402,948.239990234375,3253896704.0,0.0,0.0,True
2022-09-28 18:35:44,285.6690111111111,1.2000000476837158,0.3260999917984009,-13.44480037689209,948.239990234375,3670374912.0,0.0,0.0,False
2022-09-28 18:35:55,285.6858472222222,1.2000000476837158,0.3260999917984009,-13.449700355529785,948.219970703125,4086932480.0,0.0,0.0,False
2022-09-28 18:36:05,285.7011527777778,1.190000057220459,0.32600000500679016,-13.450200080871582,948.219970703125,208215600.0,0.0,0.0,False
2022-09-28 18:36:15,285.7164583333333,1.2000000476837158,0.3260999917984009,-13.42710018157959,948.3099975585938,624583232.0,0.0,0.0,False
2022-09-28 18:36:26,285.7332944444444,1.190000057220459,0.32600000500679016,-13.40310001373291,948.4000244140625,1040982976.0,0.0,0.0,False
2022-09-28 18:36:37,285.75013055555553,1.190000057220459,0.3260999917984009,-13.438400268554688,948.260009765625,1497072256.0,0.0,0.0,True
2022-09-28 18:36:48,285.7669666666667,1.190000057220459,0.3260999917984009,-13.423800468444824,948.3200073242188,1913348480.0,0.0,0.0,False
2022-09-28 18:36:58,285.7822722222222,1.190000057220459,0.3260999917984009,-13.399299621582031,948.4099731445312,2329715712.0,0.0,0.0,False
2022-09-28 18:37:08,285.79757777777775,1.190000057220459,0.3260999917984009,-13.395899772644043,948.4299926757812,2746032128.0,0.0,0.0,False
2022-09-28 18:37:19,285.8144138888889,1.2000000476837158,0.3260999917984009,-13.401399612426758,948.4000244140625,3162444800.0,0.0,0.0,False
2022-09-28 18:37:29,285.82971944444444,1.2000000476837158,0.3260999917984009,-13.391200065612793,948.4400024414062,3578768384.0,0.0,0.0,False
2022-09-28 18:37:41,285.8480861111111,1.2000000476837158,0.3260999917984009,-13.406900405883789,948.3800048828125,4030927360.0,0.0,0.0,True
2022-09-28 18:37:51,285.86339166666664,1.190000057220459,0.3260999917984009,-13.383199691772461,948.469970703125,152491552.0,0.0,0.0,False
2022-09-28 18:38:01,285.8786972222222,1.190000057220459,0.32600000500679016,-13.393400192260742,948.4400024414062,568971584.0,0.0,0.0,False
2022-09-28 18:38:12,285.8955333333333,1.190000057220459,0.3260999917984009,-13.428099632263184,948.2999877929688,985291328.0,0.0,0.0,False
2022-09-28 18:38:22,285.91083888888886,1.190000057220459,0.3260999917984009,-13.456600189208984,948.1900024414062,1401614976.0,0.0,0.0,False
2022-09-28 18:38:33,285.92767499999997,1.2000000476837158,0.3260999917984009,-13.435999870300293,948.27001953125,1818026880.0,0.0,0.0,False
2022-09-28 18:38:44,285.94451111111107,1.2000000476837158,0.32600000500679016,-13.43850040435791,948.260009765625,2272262144.0,0.0,0.0,True
2022-09-28 18:38:54,285.95981666666665,1.2000000476837158,0.32600000500679016,-13.421899795532227,948.3300170898438,2688625920.0,0.0,0.0,False
2022-09-28 18:39:05,285.97665277777776,1.2000000476837158,0.3260999917984009,-13.432700157165527,948.280029296875,3104914944.0,0.0,0.0,False
2022-09-28 18:39:15,285.99195833333334,1.2000000476837158,0.32600000500679016,-13.450699806213379,948.2100219726562,3521278720.0,0.0,0.0,False
2022-09-28 18:39:26,286.00879444444445,1.190000057220459,0.32600000500679016,-13.479399681091309,948.0999755859375,3937722368.0,0.0,0.0,False
2022-09-28 18:39:36,286.0241,1.2000000476837158,0.32600000500679016,-13.500399589538574,948.02001953125,59127928.0,0.0,0.0,False
2022-09-28 18:39:47,286.04093611111114,1.2000000476837158,0.32600000500679016,-13.437700271606445,948.260009765625,511209376.0,0.0,0.0,True
2022-09-28 18:39:58,286.05777222222224,1.2000000476837158,0.32600000500679016,-13.449000358581543,948.219970703125,927721152.0,0.0,0.0,False
2022-09-28 18:40:08,286.07307777777777,1.190000057220459,0.32600000500679016,-13.525500297546387,947.9299926757812,1344056576.0,0.0,0.0,False
2022-09-28 18:40:19,286.0899138888889,1.2000000476837158,0.32600000500679016,-13.463899612426758,948.1599731445312,1760454016.0,0.0,0.0,False
2022-09-28 18:40:29,286.10521944444446,1.2000000476837158,0.32600000500679016,-13.496600151062012,948.0399780273438,2176785152.0,0.0,0.0,False
2022-09-28 18:40:39,286.120525,1.2000000476837158,0.32600000500679016,-13.4931001663208,948.0499877929688,2593187584.0,0.0,0.0,False
2022-09-28 18:40:53,286.14195277777776,1.190000057220459,0.32600000500679016,-13.48390007019043,948.0900268554688,415190688.0,0.0,0.0,False
2022-09-28 18:41:03,286.15725833333335,1.190000057220459,0.32600000500679016,-13.425999641418457,948.3099975585938,831676224.0,0.0,0.0,False
2022-09-28 18:41:14,286.17409444444445,1.2000000476837158,0.3260999917984009,-13.42020034790039,948.3300170898438,1248044544.0,0.0,0.0,False
2022-09-28 18:41:24,286.1894,1.190000057220459,0.3260999917984009,-13.437399864196777,948.27001953125,1664497536.0,0.0,0.0,False
2022-09-28 18:41:35,286.2062361111111,1.190000057220459,0.32600000500679016,-13.380800247192383,948.47998046875,2080214400.0,0.0,0.0,False
2022-09-28 18:41:45,286.22154166666667,1.2000000476837158,0.3260999917984009,-13.368599891662598,948.530029296875,2496704512.0,0.0,0.0,False
2022-09-28 18:41:56,286.23837777777777,1.2000000476837158,0.3260999917984009,-13.405400276184082,948.3900146484375,2950944000.0,0.0,0.0,True
2022-09-28 18:42:07,286.2552138888889,1.2000000476837158,0.32600000500679016,-13.358200073242188,948.5700073242188,3367264256.0,0.0,0.0,False
2022-09-28 18:42:17,286.27051944444446,1.2000000476837158,0.3260999917984009,-13.32610034942627,948.6900024414062,3783664640.0,0.0,0.0,False
2022-09-28 18:42:28,286.28735555555556,1.2000000476837158,0.32600000500679016,-13.335800170898438,948.6599731445312,4200038400.0,0.0,0.0,False
2022-09-28 18:42:38,286.3026611111111,1.190000057220459,0.3260999917984009,-13.375300407409668,948.510009765625,321429760.0,0.0,0.0,False
2022-09-28 18:42:48,286.3179666666666,1.190000057220459,0.3260999917984009,-13.422200202941895,948.3200073242188,737797888.0,0.0,0.0,False
2022-09-28 18:43:00,286.33633333333336,1.2000000476837158,0.32600000500679016,-13.4753999710083,948.1199951171875,1189876736.0,0.0,0.0,True
2022-09-28 18:43:10,286.3516388888889,1.190000057220459,0.32600000500679016,-13.464799880981445,948.1599731445312,1606403200.0,0.0,0.0,False
2022-09-28 18:43:21,286.368475,1.190000057220459,0.3260999917984009,-13.422599792480469,948.3200073242188,2022884736.0,0.0,0.0,False
2022-09-28 18:43:31,286.3837805555555,1.2000000476837158,0.32600000500679016,-13.508000373840332,947.989990234375,2439251712.0,0.0,0.0,False
2022-09-28 18:43:41,286.3990861111111,1.190000057220459,0.32600000500679016,-13.502400398254395,948.02001953125,2855375360.0,0.0,0.0,False
2022-09-28 18:43:52,286.4159222222222,1.2000000476837158,0.32600000500679016,-13.48799991607666,948.0700073242188,3271865088.0,0.0,0.0,False
2022-09-28 18:44:03,286.4327583333333,1.2000000476837158,0.32600000500679016,-13.428199768066406,948.2999877929688,3726143232.0,0.0,0.0,True
2022-09-28 18:44:14,286.4495944444444,1.2000000476837158,0.32600000500679016,-13.440799713134766,948.25,4142467328.0,0.0,0.0,False
2022-09-28 18:44:24,286.4649,1.2000000476837158,0.32600000500679016,-13.46150016784668,948.1699829101562,263866720.0,0.0,0.0,False
2022-09-28 18:44:34,286.48020555555553,1.190000057220459,0.32600000500679016,-13.43239974975586,948.2899780273438,680184256.0,0.0,0.0,False
2022-09-28 18:44:45,286.49704166666663,1.2000000476837158,0.32600000500679016,-13.457500457763672,948.1900024414062,1096672256.0,0.0,0.0,False
2022-09-28 18:44:55,286.5123472222222,1.190000057220459,0.32600000500679016,-13.45259952545166,948.2100219726562,1513079808.0,0.0,0.0,False
2022-09-28 18:45:06,286.5291833333333,1.2000000476837158,0.32600000500679016,-13.457099914550781,948.1900024414062,1965166336.0,0.0,0.0,True
2022-09-28 18:45:17,286.5460194444444,1.190000057220459,0.32600000500679016,-13.408100128173828,948.3800048828125,2381612288.0,0.0,0.0,False
2022-09-28 18:45:27,286.561325,1.2000000476837158,0.32600000500679016,-13.419400215148926,948.3400268554688,2798130688.0,0.0,0.0,False
2022-09-28 18:45:38,286.5781611111111,1.2000000476837158,0.32600000500679016,-13.4128999710083,948.3599853515625,3214454016.0,0.0,0.0,False
2022-09-28 18:45:48,286.59346666666664,1.2000000476837158,0.32600000500679016,-13.379599571228027,948.489990234375,3630770688.0,0.0,0.0,False
2022-09-28 18:45:59,286.6103027777778,1.2000000476837158,0.32600000500679016,-13.370800018310547,948.52001953125,4047225856.0,0.0,0.0,False
2022-09-28 18:46:10,286.6271388888889,1.190000057220459,0.32600000500679016,-13.384400367736816,948.469970703125,206170464.0,0.0,0.0,True
2022-09-28 18:46:20,286.64244444444444,1.2000000476837158,0.32600000500679016,-13.374799728393555,948.510009765625,622669056.0,0.0,0.0,False
2022-09-28 18:46:31,286.65928055555554,1.2000000476837158,0.32600000500679016,-13.372300148010254,948.52001953125,1039037056.0,0.0,0.0,False
2022-09-28 18:46:41,286.67458611111107,1.2000000476837158,0.32600000500679016,-13.379500389099121,948.489990234375,1455384576.0,0.0,0.0,False
2022-09-28 18:46:51,286.68989166666665,1.2000000476837158,0.32600000500679016,-13.377699851989746,948.5,1871884672.0,0.0,0.0,False
2022-09-28 18:47:02,286.70672777777776,1.2000000476837158,0.32600000500679016,-13.368300437927246,948.530029296875,2288240128.0,0.0,0.0,False
2022-09-28 18:47:13,286.72356388888886,1.2000000476837158,0.32600000500679016,-13.405699729919434,948.3900146484375,2740314368.0,0.0,0.0,True
2022-09-28 18:47:24,286.74039999999997,1.190000057220459,0.32600000500679016,-13.390399932861328,948.4500122070312,3156844544.0,0.0,0.0,False
2022-09-28 18:47:34,286.75570555555555,1.2000000476837158,0.32600000500679016,-13.469400405883789,948.1400146484375,3573335552.0,0.0,0.0,False
2022-09-28 18:47:44,286.7710111111111,1.2000000476837158,0.32600000500679016,-13.426300048828125,948.3099975585938,3989611776.0,0.0,0.0,False
2022-09-28 18:47:55,286.78784722222224,1.2000000476837158,0.32600000500679016,-13.424099922180176,948.3200073242188,111005408.0,0.0,0.0,False
2022-09-28 18:48:05,286.80315277777777,1.190000057220459,0.32600000500679016,-13.465999603271484,948.1599731445312,527426944.0,0.0,0.0,False
2022-09-28 18:48:17,286.82151944444445,1.2000000476837158,0.32600000500679016,-13.467900276184082,948.1500244140625,979504704.0,0.0,0.0,True
2022-09-28 18:48:27,286.836825,1.2000000476837158,0.32600000500679016,-13.453700065612793,948.2000122070312,1395973248.0,0.0,0.0,False
2022-09-28 18:48:37,286.85213055555556,1.2000000476837158,0.32600000500679016,-13.43850040435791,948.260009765625,1812503168.0,0.0,0.0,False
2022-09-28 18:48:48,286.86896666666667,1.190000057220459,0.32600000500679016,-13.438400268554688,948.260009765625,2228594176.0,0.0,0.0,False
2022-09-28 18:48:58,286.8842722222222,1.190000057220459,0.32600000500679016,-13.474499702453613,948.1199951171875,2645197312.0,0.0,0.0,False
2022-09-28 18:49:09,286.90110833333335,1.2000000476837158,0.32600000500679016,-13.487099647521973,948.0700073242188,3061601792.0,0.0,0.0,False
2022-09-28 18:49:20,286.91794444444446,1.2000000476837158,0.32600000500679016,-13.548600196838379,947.8400268554688,3513718784.0,0.0,0.0,True
2022-09-28 18:49:30,286.93325,1.190000057220459,0.32600000500679016,-13.49590015411377,948.0399780273438,3930204928.0,0.0,0.0,False
2022-09-28 18:49:41,286.9500861111111,1.2000000476837158,0.32600000500679016,-13.449999809265137,948.219970703125,51601504.0,0.0,0.0,False
2022-09-28 18:49:51,286.9653916666666,1.2000000476837158,0.32600000500679016,-13.453499794006348,948.2000122070312,467962752.0,0.0,0.0,False
2022-09-28 18:50:02,286.9822277777777,1.2000000476837158,0.32600000500679016,-13.41349983215332,948.3599853515625,884366912.0,0.0,0.0,False
2022-09-28 18:50:12,286.9975333333333,1.2000000476837158,0.32600000500679016,-13.395299911499023,948.4299926757812,1300734976.0,0.0,0.0,False
2022-09-28 18:50:23,287.0143694444444,1.2000000476837158,0.32600000500679016,-13.374500274658203,948.510009765625,1756730624.0,0.0,0.0,True
2022-09-28 18:50:34,287.0312055555555,1.2000000476837158,0.32600000500679016,-13.419899940490723,948.3300170898438,2173147648.0,0.0,0.0,False
2022-09-28 18:50:44,287.0465111111111,1.190000057220459,0.32600000500679016,-13.391500473022461,948.4400024414062,2589501184.0,0.0,0.0,False
2022-09-28 18:50:55,287.0633472222222,1.2000000476837158,0.32600000500679016,-13.381500244140625,948.47998046875,3005873664.0,0.0,0.0,False
2022-09-28 18:51:05,287.0786527777778,1.2000000476837158,0.32600000500679016,-13.393799781799316,948.4299926757812,3422205440.0,0.0,0.0,False
2022-09-28 18:51:15,287.0939583333333,1.190000057220459,0.32600000500679016,-13.379199981689453,948.489990234375,3838523648.0,0.0,0.0,False
2022-09-28 19:01:46,288.0597388888889,1.190000057220459,0.3260999917984009,-13.446800231933594,948.22998046875,414725024.0,414725024.0,1.0,False
2022-09-28 19:02:05,288.0888194444444,1.2000000476837158,0.3260999917984009,-13.427399635314941,948.2999877929688,414947296.0,414947296.0,1.0,False
2022-09-28 19:02:24,288.11789999999996,1.190000057220459,0.3260999917984009,-13.442399978637695,948.25,414868640.0,414868640.0,1.0,False
2022-09-28 19:03:05,288.18065277777777,1.2000000476837158,0.3260999917984009,-13.522700309753418,947.9400024414062,414778112.0,0.0,0.0,False
2022-09-28 19:03:16,288.19748888888887,1.2000000476837158,0.3260999917984009,-13.428600311279297,948.2999877929688,829460224.0,0.0,0.0,False
2022-09-28 19:03:26,288.21279444444446,1.2000000476837158,0.3260999917984009,-13.37090015411377,948.52001953125,1244090112.0,0.0,0.0,False
2022-09-28 19:03:37,288.22963055555556,1.190000057220459,0.3260999917984009,-13.445500373840332,948.22998046875,1696654208.0,0.0,0.0,True
2022-09-28 19:03:48,288.24646666666666,1.2000000476837158,0.3260999917984009,-13.438899993896484,948.260009765625,2111418240.0,0.0,0.0,False
2022-09-28 19:03:58,288.2617722222222,1.2000000476837158,0.3260999917984009,-13.435500144958496,948.27001953125,2526068480.0,0.0,0.0,False
2022-09-28 19:04:08,288.2770777777777,1.2000000476837158,0.3260999917984009,-13.413999557495117,948.3599853515625,2940632832.0,0.0,0.0,False
2022-09-28 19:04:19,288.2939138888889,1.2000000476837158,0.3260999917984009,-13.442899703979492,948.239990234375,3355520768.0,0.0,0.0,False
2022-09-28 19:04:29,288.3092194444444,1.2000000476837158,0.3260999917984009,-13.406299591064453,948.3900146484375,3770196992.0,0.0,0.0,False
2022-09-28 19:04:40,288.3260555555555,1.2000000476837158,0.3260999917984009,-13.37600040435791,948.5,4222155520.0,0.0,0.0,True
2022-09-28 19:04:51,288.3428916666666,1.190000057220459,0.3260999917984009,-13.348799705505371,948.6099853515625,341919360.0,0.0,0.0,False
2022-09-28 19:05:01,288.3581972222222,1.2000000476837158,0.3260999917984009,-13.427300453186035,948.2999877929688,756649024.0,0.0,0.0,False
2022-09-28 19:05:12,288.3750333333333,1.190000057220459,0.3260999917984009,-13.380399703979492,948.489990234375,1171330688.0,0.0,0.0,False
2022-09-28 19:05:22,288.3903388888889,1.2000000476837158,0.3260999917984009,-13.362299919128418,948.5599975585938,1586089344.0,0.0,0.0,False
2022-09-28 19:05:32,288.4056444444444,1.2000000476837158,0.3260999917984009,-13.31760025024414,948.72998046875,2000866432.0,0.0,0.0,False
2022-09-28 19:05:44,288.4240111111111,1.2000000476837158,0.3260999917984009,-13.36769962310791,948.530029296875,2452613888.0,0.0,0.0,True
2022-09-28 19:05:54,288.4393166666667,1.2000000476837158,0.3260999917984009,-13.365699768066406,948.5399780273438,2867301632.0,0.0,0.0,False
2022-09-28 19:06:04,288.4546222222222,1.190000057220459,0.3260999917984009,-13.396300315856934,948.4199829101562,3282029824.0,0.0,0.0,False
2022-09-28 19:06:15,288.4714583333333,1.2000000476837158,0.3260999917984009,-13.391300201416016,948.4400024414062,3696830720.0,0.0,0.0,False
2022-09-28 19:06:25,288.4867638888889,1.2000000476837158,0.3260999917984009,-13.479100227355957,948.1099853515625,4111678720.0,0.0,0.0,False
2022-09-28 19:06:35,288.50206944444443,1.2000000476837158,0.3260999917984009,-13.37660026550293,948.5,231478320.0,0.0,0.0,False
2022-09-28 19:06:47,288.5204361111111,1.190000057220459,0.3260999917984009,-13.461899757385254,948.1699829101562,683369152.0,0.0,0.0,True
2022-09-28 19:06:57,288.53574166666664,1.2000000476837158,0.3260999917984009,-13.466099739074707,948.1599731445312,1098128384.0,0.0,0.0,False
2022-09-28 19:07:07,288.5510472222222,1.2000000476837158,0.3260999917984009,-13.495100021362305,948.0399780273438,1512853248.0,0.0,0.0,False
2022-09-28 19:07:18,288.5678833333333,1.2000000476837158,0.3260999917984009,-13.450300216674805,948.219970703125,1927612672.0,0.0,0.0,False
2022-09-28 19:07:28,288.58318888888886,1.190000057220459,0.3260999917984009,-13.470199584960938,948.1400146484375,2342375168.0,0.0,0.0,False
2022-09-28 19:07:39,288.60002499999996,1.190000057220459,0.3260999917984009,-13.458399772644043,948.1900024414062,2757103872.0,0.0,0.0,False
2022-09-28 19:07:50,288.61686111111106,1.2000000476837158,0.3260999917984009,-13.474100112915039,948.1199951171875,3209017088.0,0.0,0.0,True
2022-09-28 19:08:00,288.63216666666665,1.2000000476837158,0.3260999917984009,-13.461600303649902,948.1699829101562,3623746048.0,0.0,0.0,False
2022-09-28 19:08:11,288.64900277777775,1.2000000476837158,0.3260999917984009,-13.473400115966797,948.1300048828125,4038466048.0,0.0,0.0,False
2022-09-28 19:08:21,288.66430833333334,1.2000000476837158,0.3260999917984009,-13.448800086975098,948.219970703125,158272896.0,0.0,0.0,False
2022-09-28 19:08:31,288.6796138888889,1.2000000476837158,0.3260999917984009,-13.459500312805176,948.1799926757812,573116416.0,0.0,0.0,False
2022-09-28 19:08:42,288.69645,1.190000057220459,0.3260999917984009,-13.481800079345703,948.0999755859375,987881984.0,0.0,0.0,False
2022-09-28 19:08:53,288.71328611111113,1.2000000476837158,0.3260999917984009,-13.429800033569336,948.2999877929688,1439880576.0,0.0,0.0,True
2022-09-28 19:09:03,288.72859166666666,1.2000000476837158,0.3260999917984009,-13.403499603271484,948.4000244140625,1854281216.0,0.0,0.0,False
2022-09-28 19:09:14,288.74542777777776,1.2000000476837158,0.3260999917984009,-13.459699630737305,948.1799926757812,2269047296.0,0.0,0.0,False
2022-09-28 19:09:24,288.7607333333333,1.2000000476837158,0.3260999917984009,-13.433500289916992,948.280029296875,2683812608.0,0.0,0.0,False
2022-09-28 19:09:35,288.77756944444445,1.2000000476837158,0.3260999917984009,-13.414400100708008,948.3499755859375,3098546688.0,0.0,0.0,False
2022-09-28 19:09:45,288.792875,1.2000000476837158,0.3260999917984009,-13.486100196838379,948.0800170898438,3513220352.0,0.0,0.0,False
2022-09-28 19:09:56,288.8097111111111,1.2000000476837158,0.3260999917984009,-13.425100326538086,948.3099975585938,3967111680.0,0.0,0.0,True
2022-09-28 19:10:07,288.8265472222222,1.2000000476837158,0.3260999917984009,-13.411800384521484,948.3599853515625,86865608.0,0.0,0.0,False
2022-09-28 19:10:17,288.8418527777778,1.190000057220459,0.3260999917984009,-13.387299537658691,948.4600219726562,501586848.0,0.0,0.0,False
2022-09-28 19:10:27,288.8571583333333,1.190000057220459,0.3260999917984009,-13.387800216674805,948.4600219726562,916355200.0,0.0,0.0,False
2022-09-28 19:10:38,288.8739944444444,1.190000057220459,0.3260999917984009,-13.410900115966797,948.3699951171875,1331114368.0,0.0,0.0,False
2022-09-28 19:10:48,288.8893,1.2000000476837158,0.3260999917984009,-13.358499526977539,948.5700073242188,1745845376.0,0.0,0.0,False
2022-09-28 19:10:59,288.9061361111111,1.2000000476837158,0.3260999917984009,-13.38759994506836,948.4600219726562,2197723136.0,0.0,0.0,True
2022-09-28 19:11:10,288.9229722222222,1.2000000476837158,0.3260999917984009,-13.4552001953125,948.2000122070312,2612483584.0,0.0,0.0,False
2022-09-28 19:11:20,288.9382777777778,1.2000000476837158,0.3260999917984009,-13.426199913024902,948.3099975585938,3027261440.0,0.0,0.0,False
2022-09-28 19:11:30,288.9535833333333,1.190000057220459,0.3260999917984009,-13.47130012512207,948.1400146484375,3441942784.0,0.0,0.0,False
2022-09-28 19:11:41,288.9704194444445,1.190000057220459,0.3260999917984009,-13.464500427246094,948.1599731445312,3856660224.0,0.0,0.0,False
2022-09-28 19:11:51,288.985725,1.2000000476837158,0.3260999917984009,-13.456000328063965,948.1900024414062,4271518208.0,0.0,0.0,False
2022-09-28 19:12:03,289.0040916666667,1.2000000476837158,0.32600000500679016,-13.471699714660645,948.1300048828125,428941952.0,0.0,0.0,True
2022-09-28 19:12:13,289.0193972222222,1.2000000476837158,0.3260999917984009,-13.513699531555176,947.969970703125,843778368.0,0.0,0.0,False
2022-09-28 19:12:23,289.03470277777774,1.190000057220459,0.3260999917984009,-13.42650032043457,948.3099975585938,1258559744.0,0.0,0.0,False
2022-09-28 19:12:34,289.0515388888889,1.2000000476837158,0.32600000500679016,-13.397100448608398,948.4199829101562,1673323392.0,0.0,0.0,False
2022-09-28 19:12:44,289.0668444444444,1.2000000476837158,0.3260999917984009,-13.383099555969238,948.47998046875,2088081408.0,0.0,0.0,False
2022-09-28 19:12:54,289.08215,1.2000000476837158,0.32600000500679016,-13.448599815368652,948.219970703125,2502856448.0,0.0,0.0,False
2022-09-28 19:13:08,289.1035777777778,1.2000000476837158,0.32600000500679016,-13.409099578857422,948.3699951171875,414761184.0,0.0,0.0,False
2022-09-28 19:13:18,289.1188833333333,1.2000000476837158,0.3260999917984009,-13.415200233459473,948.3499755859375,829486336.0,0.0,0.0,False
2022-09-28 19:13:29,289.1357194444444,1.190000057220459,0.32600000500679016,-13.383600234985352,948.469970703125,1244209152.0,0.0,0.0,False
2022-09-28 19:13:39,289.151025,1.2000000476837158,0.3260999917984009,-13.380800247192383,948.47998046875,1659017600.0,0.0,0.0,False
2022-09-28 19:13:49,289.16633055555553,1.2000000476837158,0.3260999917984009,-13.403200149536133,948.4000244140625,2073791232.0,0.0,0.0,False
2022-09-28 19:14:00,289.18316666666664,1.2000000476837158,0.3260999917984009,-13.430299758911133,948.2899780273438,2488347392.0,0.0,0.0,False
2022-09-28 19:14:11,289.2000027777778,1.2000000476837158,0.32600000500679016,-13.472800254821777,948.1300048828125,2940342528.0,0.0,0.0,True
2022-09-28 19:14:21,289.2153083333333,1.190000057220459,0.32600000500679016,-13.473899841308594,948.1300048828125,3355157504.0,0.0,0.0,False
2022-09-28 19:14:32,289.23214444444443,1.190000057220459,0.32600000500679016,-13.530200004577637,947.9099731445312,3769877504.0,0.0,0.0,False
2022-09-28 19:14:42,289.24744999999996,1.190000057220459,0.3260999917984009,-13.47719955444336,948.1099853515625,4184635904.0,0.0,0.0,False
2022-09-28 19:14:53,289.26428611111106,1.190000057220459,0.3260999917984009,-13.457200050354004,948.1900024414062,304404928.0,0.0,0.0,False
2022-09-28 19:15:03,289.27959166666665,1.2000000476837158,0.3260999917984009,-13.444700241088867,948.239990234375,719100672.0,0.0,0.0,False
2022-09-28 19:15:14,289.29642777777775,1.190000057220459,0.3260999917984009,-13.427499771118164,948.2999877929688,1170804352.0,0.0,0.0,True
2022-09-28 19:15:25,289.31326388888886,1.2000000476837158,0.3260999917984009,-13.441100120544434,948.25,1585568384.0,0.0,0.0,False
2022-09-28 19:15:35,289.32856944444444,1.2000000476837158,0.32600000500679016,-13.391500473022461,948.4400024414062,2000301952.0,0.0,0.0,False
2022-09-28 19:15:45,289.343875,1.2000000476837158,0.32600000500679016,-13.480299949645996,948.0999755859375,2415058432.0,0.0,0.0,False
2022-09-28 19:15:56,289.36071111111113,1.2000000476837158,0.3260999917984009,-13.437999725341797,948.260009765625,2829709312.0,0.0,0.0,False
2022-09-28 19:16:06,289.37601666666666,1.190000057220459,0.3260999917984009,-13.424599647521973,948.3200073242188,3244466176.0,0.0,0.0,False
2022-09-28 19:16:17,289.39285277777776,1.2000000476837158,0.3260999917984009,-13.435199737548828,948.27001953125,3698471168.0,0.0,0.0,True
2022-09-28 19:16:28,289.40968888888887,1.2000000476837158,0.32600000500679016,-13.4621000289917,948.1699829101562,4113281024.0,0.0,0.0,False
2022-09-28 19:16:38,289.42499444444445,1.2000000476837158,0.3260999917984009,-13.426799774169922,948.3099975585938,233080752.0,0.0,0.0,False
2022-09-28 19:16:49,289.44183055555555,1.190000057220459,0.32600000500679016,-13.542699813842773,947.8599853515625,647755328.0,0.0,0.0,False
2022-09-28 19:16:59,289.4571361111111,1.190000057220459,0.32600000500679016,-13.474200248718262,948.1199951171875,1062323968.0,0.0,0.0,False
2022-09-28 19:17:09,289.47244166666667,1.190000057220459,0.3260999917984009,-13.433199882507324,948.280029296875,1477088128.0,0.0,0.0,False
2022-09-28 19:17:21,289.49080833333335,1.190000057220459,0.3260999917984009,-13.442500114440918,948.25,1928922880.0,0.0,0.0,True
2022-09-28 19:17:31,289.5061138888889,1.2000000476837158,0.3260999917984009,-13.545700073242188,947.8499755859375,2343609088.0,0.0,0.0,False
2022-09-28 19:17:41,289.5214194444444,1.190000057220459,0.32600000500679016,-13.510299682617188,947.989990234375,2758462976.0,0.0,0.0,False
2022-09-28 19:17:52,289.5382555555555,1.2000000476837158,0.32600000500679016,-13.496199607849121,948.0399780273438,3173143296.0,0.0,0.0,False
2022-09-28 19:18:02,289.5535611111111,1.2000000476837158,0.32600000500679016,-13.437700271606445,948.260009765625,3587870464.0,0.0,0.0,False
2022-09-28 19:18:12,289.5688666666667,1.2000000476837158,0.3260999917984009,-13.42140007019043,948.3300170898438,4002243328.0,0.0,0.0,False
2022-09-28 19:18:24,289.5872333333333,1.190000057220459,0.32600000500679016,-13.451000213623047,948.2100219726562,159312864.0,0.0,0.0,True
2022-09-28 19:18:34,289.6025388888889,1.2000000476837158,0.32600000500679016,-13.424799919128418,948.3099975585938,574031296.0,0.0,0.0,False
2022-09-28 19:18:44,289.6178444444445,1.190000057220459,0.3260999917984009,-13.378000259399414,948.489990234375,988672576.0,0.0,0.0,False
2022-09-28 19:18:55,289.6346805555556,1.190000057220459,0.3260999917984009,-13.405400276184082,948.3900146484375,1403281792.0,0.0,0.0,False
2022-09-28 19:19:05,289.6499861111111,1.190000057220459,0.3260999917984009,-13.389800071716309,948.4500122070312,1817973632.0,0.0,0.0,False
2022-09-28 19:19:16,289.6668222222222,1.190000057220459,0.3260999917984009,-13.41349983215332,948.3599853515625,2232620288.0,0.0,0.0,False
2022-09-28 19:19:27,289.6836583333333,1.190000057220459,0.3260999917984009,-13.426799774169922,948.3099975585938,2684410112.0,0.0,0.0,True
2022-09-28 19:19:37,289.6989638888889,1.2000000476837158,0.3260999917984009,-13.402799606323242,948.4000244140625,3099230208.0,0.0,0.0,False
2022-09-28 19:19:48,289.7158,1.2000000476837158,0.32600000500679016,-13.423199653625488,948.3200073242188,3513938688.0,0.0,0.0,False
2022-09-28 19:19:58,289.73110555555553,1.190000057220459,0.3260999917984009,-13.41189956665039,948.3599853515625,3928701184.0,0.0,0.0,False
2022-09-28 19:20:08,289.7464111111111,1.2000000476837158,0.3260999917984009,-13.436200141906738,948.27001953125,48431144.0,0.0,0.0,False
2022-09-28 19:20:19,289.7632472222222,1.2000000476837158,0.3260999917984009,-13.48740005493164,948.0700073242188,463108768.0,0.0,0.0,False
2022-09-28 19:20:30,289.7800833333333,1.2000000476837158,0.3260999917984009,-13.475099563598633,948.1199951171875,915108160.0,0.0,0.0,True
2022-09-28 19:20:40,289.79538888888885,1.2000000476837158,0.3260999917984009,-13.437800407409668,948.260009765625,1329790720.0,0.0,0.0,False
2022-09-28 19:20:51,289.81222499999996,1.2000000476837158,0.32600000500679016,-13.436100006103516,948.27001953125,1744555904.0,0.0,0.0,False
2022-09-28 19:21:01,289.82753055555554,1.2000000476837158,0.32600000500679016,-13.489500045776367,948.0700073242188,2159245056.0,0.0,0.0,False
2022-09-28 19:21:11,289.8428361111111,1.2000000476837158,0.3260999917984009,-13.5378999710083,947.8800048828125,2574055424.0,0.0,0.0,False
2022-09-28 19:21:22,289.85967222222223,1.190000057220459,0.32600000500679016,-13.498600006103516,948.030029296875,2988779008.0,0.0,0.0,False
2022-09-28 19:21:33,289.87650833333333,1.2000000476837158,0.3260999917984009,-13.511099815368652,947.97998046875,3440537600.0,0.0,0.0,True
2022-09-28 19:21:43,289.8918138888889,1.2000000476837158,0.32600000500679016,-13.48330020904541,948.0900268554688,3855337472.0,0.0,0.0,False
2022-09-28 19:21:54,289.90865,1.190000057220459,0.32600000500679016,-13.493800163269043,948.0499877929688,4270072064.0,0.0,0.0,False
2022-09-28 19:22:04,289.92395555555555,1.190000057220459,0.32600000500679016,-13.471799850463867,948.1300048828125,389905152.0,0.0,0.0,False
2022-09-28 19:22:15,289.94079166666666,1.2000000476837158,0.32600000500679016,-13.456100463867188,948.1900024414062,804669184.0,0.0,0.0,False
2022-09-28 19:22:25,289.9560972222222,1.190000057220459,0.32600000500679016,-13.399299621582031,948.4099731445312,1219271552.0,0.0,0.0,False
2022-09-28 19:22:36,289.9729333333333,1.2000000476837158,0.32600000500679016,-13.399900436401367,948.4099731445312,1673188480.0,0.0,0.0,True
2022-09-28 19:22:47,289.98976944444445,1.2000000476837158,0.32600000500679016,-13.387800216674805,948.4600219726562,2087928320.0,0.0,0.0,False
2022-09-28 19:22:57,290.005075,1.2000000476837158,0.32600000500679016,-13.405900001525879,948.3900146484375,2502609920.0,0.0,0.0,False
2022-09-28 19:23:07,290.02038055555556,1.190000057220459,0.32600000500679016,-13.431099891662598,948.2899780273438,2917330944.0,0.0,0.0,False
2022-09-28 19:23:18,290.03721666666667,1.2000000476837158,0.32600000500679016,-13.434300422668457,948.280029296875,3332143616.0,0.0,0.0,False
2022-09-28 19:23:28,290.0525222222222,1.2000000476837158,0.32600000500679016,-13.418499946594238,948.3400268554688,3746868992.0,0.0,0.0,False
2022-09-28 19:33:53,291.0091194444444,1.190000057220459,0.32600000500679016,-13.338299751281738,948.6500244140625,414613888.0,414613888.0,1.0,False
2022-09-28 19:34:13,291.03973055555554,1.190000057220459,0.32600000500679016,-13.31309986114502,948.739990234375,414558304.0,414558304.0,1.0,False
2022-09-28 19:34:32,291.0688111111111,1.2000000476837158,0.32600000500679016,-13.311100006103516,948.75,414768608.0,414768608.0,1.0,False
2022-09-28 19:35:13,291.1315638888889,1.190000057220459,0.32600000500679016,-13.451700210571289,948.2100219726562,414759936.0,0.0,0.0,False
2022-09-28 19:35:23,291.1468694444444,1.190000057220459,0.32600000500679016,-13.433500289916992,948.280029296875,829516992.0,0.0,0.0,False
2022-09-28 19:35:34,291.1637055555555,1.2000000476837158,0.32600000500679016,-13.457099914550781,948.1900024414062,1244236032.0,0.0,0.0,False
2022-09-28 19:35:45,291.18054166666667,1.2000000476837158,0.32600000500679016,-13.435799598693848,948.27001953125,1698116480.0,0.0,0.0,True
2022-09-28 19:35:55,291.1958472222222,1.190000057220459,0.32600000500679016,-13.472900390625,948.1300048828125,2112801536.0,0.0,0.0,False
2022-09-28 19:36:06,291.2126833333333,1.190000057220459,0.32600000500679016,-13.457799911499023,948.1900024414062,2527583744.0,0.0,0.0,False
2022-09-28 19:36:16,291.2279888888889,1.190000057220459,0.32600000500679016,-13.462200164794922,948.1699829101562,2942339584.0,0.0,0.0,False
2022-09-28 19:36:26,291.2432944444444,1.2000000476837158,0.32600000500679016,-13.438599586486816,948.260009765625,3357062144.0,0.0,0.0,False
2022-09-28 19:36:37,291.2601305555555,1.2000000476837158,0.32600000500679016,-13.424300193786621,948.3200073242188,3771795968.0,0.0,0.0,False
2022-09-28 19:36:48,291.2769666666667,1.2000000476837158,0.32600000500679016,-13.448800086975098,948.219970703125,4223668480.0,0.0,0.0,True
2022-09-28 19:36:58,291.2922722222222,1.190000057220459,0.32600000500679016,-13.515299797058105,947.969970703125,343346496.0,0.0,0.0,False
2022-09-28 19:37:09,291.3091083333333,1.2000000476837158,0.32600000500679016,-13.451700210571289,948.2100219726562,758068992.0,0.0,0.0,False
2022-09-28 19:37:19,291.3244138888889,1.190000057220459,0.32600000500679016,-13.38230037689209,948.47998046875,1172842240.0,0.0,0.0,False
2022-09-28 19:37:29,291.3397194444444,1.190000057220459,0.32600000500679016,-13.388299942016602,948.4600219726562,1587440384.0,0.0,0.0,False
2022-09-28 19:37:40,291.35655555555553,1.2000000476837158,0.32600000500679016,-13.422300338745117,948.3200073242188,2002083584.0,0.0,0.0,False
2022-09-28 19:37:51,291.3733916666667,1.2000000476837158,0.32600000500679016,-13.436599731445312,948.27001953125,2454004736.0,0.0,0.0,True
2022-09-28 19:38:02,291.3902277777778,1.2000000476837158,0.32600000500679016,-13.392999649047852,948.4400024414062,2868730880.0,0.0,0.0,False
2022-09-28 19:38:12,291.4055333333333,1.2000000476837158,0.32600000500679016,-13.350000381469727,948.5999755859375,3283494400.0,0.0,0.0,False
2022-09-28 19:38:22,291.42083888888885,1.2000000476837158,0.32600000500679016,-13.36970043182373,948.530029296875,3698135040.0,0.0,0.0,False
2022-09-28 19:38:33,291.43767499999996,1.190000057220459,0.32600000500679016,-13.411399841308594,948.3699951171875,4112707072.0,0.0,0.0,False
2022-09-28 19:38:43,291.45298055555554,1.190000057220459,0.32600000500679016,-13.41819953918457,948.3400268554688,232430112.0,0.0,0.0,False
2022-09-28 19:38:54,291.46981666666665,1.2000000476837158,0.32600000500679016,-13.431900024414062,948.2899780273438,684222016.0,0.0,0.0,True
2022-09-28 19:39:05,291.48665277777775,1.2000000476837158,0.32600000500679016,-13.377799987792969,948.5,1098991360.0,0.0,0.0,False
2022-09-28 19:39:15,291.50195833333333,1.190000057220459,0.32600000500679016,-13.399100303649902,948.4099731445312,1513919744.0,0.0,0.0,False
2022-09-28 19:39:25,291.51726388888886,1.190000057220459,0.32600000500679016,-13.423600196838379,948.3200073242188,1928640512.0,0.0,0.0,False
2022-09-28 19:39:36,291.53409999999997,1.190000057220459,0.32600000500679016,-13.399200439453125,948.4099731445312,2343412992.0,0.0,0.0,False
2022-09-28 19:39:46,291.54940555555555,1.2000000476837158,0.32600000500679016,-13.42870044708252,948.2999877929688,2758089472.0,0.0,0.0,False
2022-09-28 19:39:57,291.56624166666666,1.2000000476837158,0.32600000500679016,-13.377099990844727,948.5,3210044160.0,0.0,0.0,True
2022-09-28 19:40:08,291.58307777777776,1.2000000476837158,0.32600000500679016,-13.44219970703125,948.25,3624808448.0,0.0,0.0,False
2022-09-28 19:40:18,291.59838333333335,1.190000057220459,0.32600000500679016,-13.451800346374512,948.2100219726562,4039536640.0,0.0,0.0,False
2022-09-28 19:40:29,291.61521944444445,1.2000000476837158,0.32600000500679016,-13.456600189208984,948.1900024414062,159343088.0,0.0,0.0,False
2022-09-28 19:40:39,291.630525,1.2000000476837158,0.32600000500679016,-13.466500282287598,948.1500244140625,574026112.0,0.0,0.0,False
2022-09-28 19:40:49,291.6458305555555,1.190000057220459,0.32600000500679016,-13.430399894714355,948.2899780273438,988823872.0,0.0,0.0,False
2022-09-28 19:41:01,291.66419722222224,1.2000000476837158,0.32600000500679016,-13.447999954223633,948.22998046875,1440707200.0,0.0,0.0,True
2022-09-28 19:41:11,291.67950277777777,1.2000000476837158,0.32600000500679016,-13.412799835205078,948.3599853515625,1855425920.0,0.0,0.0,False
2022-09-28 19:41:21,291.6948083333333,1.190000057220459,0.32600000500679016,-13.36970043182373,948.530029296875,2270194688.0,0.0,0.0,False
2022-09-28 19:41:32,291.7116444444444,1.2000000476837158,0.32600000500679016,-13.3774995803833,948.5,2684969984.0,0.0,0.0,False
2022-09-28 19:41:42,291.72695,1.2000000476837158,0.32600000500679016,-13.404000282287598,948.3900146484375,3099767040.0,0.0,0.0,False
2022-09-28 19:41:52,291.7422555555556,1.2000000476837158,0.32600000500679016,-13.465700149536133,948.1599731445312,3514528768.0,0.0,0.0,False
2022-09-28 19:42:04,291.7606222222222,1.190000057220459,0.32600000500679016,-13.450799942016602,948.2100219726562,3966337280.0,0.0,0.0,True
2022-09-28 19:42:14,291.7759277777778,1.190000057220459,0.32600000500679016,-13.416500091552734,948.3499755859375,85965056.0,0.0,0.0,False
2022-09-28 19:42:24,291.7912333333333,1.190000057220459,0.32600000500679016,-13.3725004196167,948.52001953125,500691488.0,0.0,0.0,False
2022-09-28 19:42:35,291.80806944444447,1.190000057220459,0.32600000500679016,-13.362600326538086,948.5499877929688,915421824.0,0.0,0.0,False
2022-09-28 19:42:45,291.823375,1.2000000476837158,0.32600000500679016,-13.444499969482422,948.239990234375,1330196352.0,0.0,0.0,False
2022-09-28 19:42:56,291.8402111111111,1.2000000476837158,0.32600000500679016,-13.365699768066406,948.5399780273438,1744952192.0,0.0,0.0,False
2022-09-28 19:43:07,291.8570472222222,1.190000057220459,0.32600000500679016,-13.373499870300293,948.510009765625,2198516480.0,0.0,0.0,True
2022-09-28 19:43:17,291.8723527777778,1.2000000476837158,0.32600000500679016,-13.406399726867676,948.3900146484375,2613232384.0,0.0,0.0,False
2022-09-28 19:43:28,291.8891888888889,1.190000057220459,0.32600000500679016,-13.389800071716309,948.4500122070312,3027991808.0,0.0,0.0,False
2022-09-28 19:43:38,291.9044944444444,1.2000000476837158,0.32600000500679016,-13.399700164794922,948.4099731445312,3442732032.0,0.0,0.0,False
2022-09-28 19:43:48,291.91979999999995,1.190000057220459,0.32600000500679016,-13.36299991607666,948.5499877929688,3857458176.0,0.0,0.0,False
2022-09-28 19:43:59,291.93663611111106,1.190000057220459,0.32600000500679016,-13.354599952697754,948.5800170898438,4272217600.0,0.0,0.0,False
2022-09-28 19:44:10,291.9534722222222,1.190000057220459,0.32600000500679016,-13.38599967956543,948.4600219726562,429178272.0,0.0,0.0,True
2022-09-28 19:44:20,291.96877777777775,1.190000057220459,0.32600000500679016,-13.362500190734863,948.5499877929688,843974592.0,0.0,0.0,False
2022-09-28 19:44:31,291.98561388888885,1.190000057220459,0.32600000500679016,-13.389200210571289,948.4500122070312,1258701696.0,0.0,0.0,False
2022-09-28 19:44:41,292.00091944444443,1.190000057220459,0.32600000500679016,-13.488699913024902,948.0700073242188,1673428096.0,0.0,0.0,False
2022-09-28 19:44:52,292.01775555555554,1.190000057220459,0.32600000500679016,-13.50100040435791,948.02001953125,2088150272.0,0.0,0.0,False
2022-09-28 19:45:02,292.0330611111111,1.190000057220459,0.32600000500679016,-13.496800422668457,948.0399780273438,2502923264.0,0.0,0.0,False
2022-09-28 19:45:15,292.0529583333333,1.190000057220459,0.32600000500679016,-13.406299591064453,948.3900146484375,414789760.0,0.0,0.0,False
2022-09-28 19:45:26,292.0697944444444,1.2000000476837158,0.32600000500679016,-13.431099891662598,948.2899780273438,829587968.0,0.0,0.0,False
2022-09-28 19:45:36,292.08509999999995,1.2000000476837158,0.32600000500679016,-13.487299919128418,948.0700073242188,1244394368.0,0.0,0.0,False
2022-09-28 19:45:47,292.10193611111106,1.2000000476837158,0.32600000500679016,-13.48449993133545,948.0800170898438,1659121920.0,0.0,0.0,False
2022-09-28 19:45:57,292.11724166666664,1.2000000476837158,0.32600000500679016,-13.500200271606445,948.02001953125,2073854336.0,0.0,0.0,False
2022-09-28 19:46:07,292.13254722222223,1.2000000476837158,0.32600000500679016,-13.546699523925781,947.8499755859375,2488610048.0,0.0,0.0,False
2022-09-28 19:46:19,292.15091388888885,1.190000057220459,0.32600000500679016,-13.546699523925781,947.8499755859375,2940771584.0,0.0,0.0,True
2022-09-28 19:46:29,292.16621944444444,1.2000000476837158,0.32600000500679016,-13.520400047302246,947.9500122070312,3355494144.0,0.0,0.0,False
2022-09-28 19:46:39,292.181525,1.190000057220459,0.32600000500679016,-13.487799644470215,948.0700073242188,3770215424.0,0.0,0.0,False
2022-09-28 19:46:50,292.1983611111111,1.190000057220459,0.32600000500679016,-13.45930004119873,948.1799926757812,4184948480.0,0.0,0.0,False
2022-09-28 19:47:00,292.21366666666665,1.190000057220459,0.32600000500679016,-13.440500259399414,948.25,304711648.0,0.0,0.0,False
2022-09-28 19:47:10,292.22897222222224,1.2000000476837158,0.32600000500679016,-13.421099662780762,948.3300170898438,719426560.0,0.0,0.0,False
2022-09-28 19:47:22,292.24733888888886,1.2000000476837158,0.32600000500679016,-13.439000129699707,948.260009765625,1171276672.0,0.0,0.0,True
2022-09-28 19:47:32,292.26264444444445,1.2000000476837158,0.32600000500679016,-13.44159984588623,948.25,1585960320.0,0.0,0.0,False
2022-09-28 19:47:42,292.27795,1.2000000476837158,0.32600000500679016,-13.419099807739258,948.3400268554688,2000676096.0,0.0,0.0,False
2022-09-28 19:47:53,292.2947861111111,1.2000000476837158,0.32600000500679016,-13.3548002243042,948.5800170898438,2415442944.0,0.0,0.0,False
2022-09-28 19:48:03,292.31009166666666,1.2000000476837158,0.32600000500679016,-13.335000038146973,948.6599731445312,2830138112.0,0.0,0.0,False
2022-09-28 19:48:14,292.32692777777777,1.190000057220459,0.32600000500679016,-13.307999610900879,948.760009765625,3244894720.0,0.0,0.0,False
2022-09-28 19:48:25,292.3437638888889,1.2000000476837158,0.32600000500679016,-13.338299751281738,948.6500244140625,3696732672.0,0.0,0.0,True
2022-09-28 19:48:35,292.3590694444444,1.2000000476837158,0.32600000500679016,-13.467599868774414,948.1500244140625,4111348480.0,0.0,0.0,False
2022-09-28 19:48:46,292.3759055555555,1.2000000476837158,0.32600000500679016,-13.41100025177002,948.3699951171875,230985504.0,0.0,0.0,False
2022-09-28 19:48:56,292.3912111111111,1.190000057220459,0.32600000500679016,-13.45300006866455,948.2100219726562,645787648.0,0.0,0.0,False
2022-09-28 19:49:06,292.4065166666667,1.2000000476837158,0.32600000500679016,-13.462200164794922,948.1699829101562,1060510912.0,0.0,0.0,False
2022-09-28 19:49:17,292.4233527777778,1.190000057220459,0.32600000500679016,-13.399200439453125,948.4099731445312,1475274880.0,0.0,0.0,False
2022-09-28 19:49:28,292.4401888888889,1.2000000476837158,0.32600000500679016,-13.466699600219727,948.1500244140625,1929679616.0,0.0,0.0,True
2022-09-28 19:49:38,292.45549444444447,1.2000000476837158,0.32600000500679016,-13.46679973602295,948.1500244140625,2344485120.0,0.0,0.0,False
2022-09-28 19:49:49,292.4723305555556,1.190000057220459,0.32600000500679016,-13.446200370788574,948.22998046875,2759086336.0,0.0,0.0,False
2022-09-28 19:49:59,292.4876361111111,1.2000000476837158,0.32600000500679016,-13.461000442504883,948.1799926757812,3173737984.0,0.0,0.0,False
2022-09-28 19:50:10,292.5044722222222,1.2000000476837158,0.32600000500679016,-13.440799713134766,948.25,3588450048.0,0.0,0.0,False
2022-09-28 19:50:20,292.5197777777778,1.2000000476837158,0.32600000500679016,-13.416999816894531,948.3400268554688,4003220224.0,0.0,0.0,False
2022-09-28 19:50:31,292.5366138888889,1.190000057220459,0.32600000500679016,-13.405900001525879,948.3900146484375,159968496.0,0.0,0.0,True
2022-09-28 19:50:42,292.55345,1.190000057220459,0.32600000500679016,-13.419500350952148,948.3300170898438,574698368.0,0.0,0.0,False
2022-09-28 19:50:52,292.5687555555555,1.2000000476837158,0.32600000500679016,-13.396699905395508,948.4199829101562,989384128.0,0.0,0.0,False
2022-09-28 19:51:02,292.5840611111111,1.190000057220459,0.32600000500679016,-13.421299934387207,948.3300170898438,1404186112.0,0.0,0.0,False
2022-09-28 19:51:13,292.6008972222222,1.2000000476837158,0.32600000500679016,-13.452500343322754,948.2100219726562,1818963200.0,0.0,0.0,False
2022-09-28 19:51:23,292.61620277777774,1.2000000476837158,0.32600000500679016,-13.528900146484375,947.9099731445312,2233846784.0,0.0,0.0,False
2022-09-28 19:51:34,292.63303888888885,1.2000000476837158,0.32600000500679016,-13.496100425720215,948.0399780273438,2685839872.0,0.0,0.0,True
2022-09-28 19:51:45,292.64987499999995,1.190000057220459,0.32589998841285706,-13.465900421142578,948.1599731445312,3100483584.0,0.0,0.0,False
2022-09-28 19:51:55,292.66518055555554,1.190000057220459,0.32600000500679016,-13.428999900817871,948.2999877929688,3515242496.0,0.0,0.0,False
2022-09-28 19:52:05,292.6804861111111,1.190000057220459,0.32600000500679016,-13.410200119018555,948.3699951171875,3929968128.0,0.0,0.0,False
2022-09-28 19:52:16,292.6973222222222,1.2000000476837158,0.32600000500679016,-13.438799858093262,948.260009765625,49735556.0,0.0,0.0,False
2022-09-28 19:52:26,292.7126277777778,1.2000000476837158,0.32600000500679016,-13.416099548339844,948.3499755859375,464417472.0,0.0,0.0,False
2022-09-28 19:52:37,292.7294638888889,1.190000057220459,0.32600000500679016,-13.405200004577637,948.3900146484375,916414336.0,0.0,0.0,True
2022-09-28 19:52:48,292.7463,1.190000057220459,0.32600000500679016,-13.40250015258789,948.4000244140625,1331177856.0,0.0,0.0,False
2022-09-28 19:52:58,292.76160555555555,1.190000057220459,0.32600000500679016,-13.414299964904785,948.3599853515625,1745864704.0,0.0,0.0,False
2022-09-28 19:53:09,292.77844166666665,1.190000057220459,0.32600000500679016,-13.362500190734863,948.5499877929688,2160434176.0,0.0,0.0,False
2022-09-28 19:53:19,292.7937472222222,1.190000057220459,0.32600000500679016,-13.384200096130371,948.469970703125,2574998784.0,0.0,0.0,False
2022-09-28 19:53:29,292.80905277777777,1.2000000476837158,0.32600000500679016,-13.388400077819824,948.4500122070312,2989523712.0,0.0,0.0,False
2022-09-28 19:53:41,292.82741944444444,1.2000000476837158,0.32600000500679016,-13.428199768066406,948.2999877929688,3441565696.0,0.0,0.0,True
2022-09-28 19:53:51,292.842725,1.190000057220459,0.32600000500679016,-13.473999977111816,948.1199951171875,3856245760.0,0.0,0.0,False
2022-09-28 19:54:01,292.85803055555556,1.190000057220459,0.32600000500679016,-13.44789981842041,948.22998046875,4270972672.0,0.0,0.0,False
2022-09-28 19:54:12,292.87486666666666,1.2000000476837158,0.32600000500679016,-13.458200454711914,948.1900024414062,390698080.0,0.0,0.0,False
2022-09-28 19:54:22,292.8901722222222,1.2000000476837158,0.32600000500679016,-13.463500022888184,948.1699829101562,805453312.0,0.0,0.0,False
2022-09-28 19:54:32,292.9054777777778,1.2000000476837158,0.32600000500679016,-13.552900314331055,947.8200073242188,1220220544.0,0.0,0.0,False
2022-09-28 19:54:44,292.9238444444444,1.2000000476837158,0.32589998841285706,-13.524999618530273,947.9299926757812,1672015232.0,0.0,0.0,True
2022-09-28 19:54:54,292.93915,1.190000057220459,0.32600000500679016,-13.565099716186523,947.77001953125,2086750336.0,0.0,0.0,False
2022-09-28 19:55:04,292.95445555555557,1.190000057220459,0.32600000500679016,-13.498700141906738,948.030029296875,2501508608.0,0.0,0.0,False
2022-09-28 19:55:15,292.9712916666667,1.190000057220459,0.32589998841285706,-13.488300323486328,948.0700073242188,2916239104.0,0.0,0.0,False
2022-09-28 19:55:25,292.9865972222222,1.2000000476837158,0.32600000500679016,-13.518699645996094,947.9500122070312,3330968576.0,0.0,0.0,False
2022-09-28 19:55:36,293.00343333333336,1.190000057220459,0.32600000500679016,-13.547200202941895,947.8400268554688,3745649920.0,0.0,0.0,False
2022-09-28 20:05:50,293.94319444444443,1.190000057220459,0.32589998841285706,-13.435600280761719,948.27001953125,414860384.0,414860384.0,1.0,False
2022-09-28 20:06:10,293.97380555555554,1.2000000476837158,0.32589998841285706,-13.481399536132812,948.0999755859375,415020608.0,415020608.0,1.0,False
2022-09-28 20:06:29,294.0028861111111,1.2000000476837158,0.32589998841285706,-13.4399995803833,948.260009765625,414783296.0,414783296.0,1.0,False
2022-09-28 20:07:10,294.0656388888889,1.190000057220459,0.32589998841285706,-13.408300399780273,948.3800048828125,414702240.0,0.0,0.0,False
2022-09-28 20:07:20,294.0809444444444,1.190000057220459,0.32589998841285706,-13.37090015411377,948.52001953125,829423552.0,0.0,0.0,False
2022-09-28 20:07:31,294.0977805555555,1.190000057220459,0.32589998841285706,-13.340700149536133,948.6400146484375,1244185984.0,0.0,0.0,False
2022-09-28 20:07:42,294.1146166666666,1.190000057220459,0.32589998841285706,-13.359600067138672,948.5700073242188,1696188416.0,0.0,0.0,True
2022-09-28 20:07:52,294.1299222222222,1.2000000476837158,0.32589998841285706,-13.396599769592285,948.4199829101562,2110790400.0,0.0,0.0,False
2022-09-28 20:08:03,294.1467583333333,1.2000000476837158,0.32589998841285706,-13.478699684143066,948.1099853515625,2525648384.0,0.0,0.0,False
2022-09-28 20:08:13,294.1620638888889,1.190000057220459,0.32589998841285706,-13.472299575805664,948.1300048828125,2940316672.0,0.0,0.0,False
2022-09-28 20:08:24,294.1789,1.190000057220459,0.32589998841285706,-13.45110034942627,948.2100219726562,3355085056.0,0.0,0.0,False
2022-09-28 20:08:34,294.1942055555556,1.2000000476837158,0.32589998841285706,-13.465999603271484,948.1599731445312,3769904384.0,0.0,0.0,False
2022-09-28 20:08:45,294.2110416666667,1.2000000476837158,0.32589998841285706,-13.48449993133545,948.0800170898438,4223688448.0,0.0,0.0,True
2022-09-28 20:08:56,294.2278777777778,1.2000000476837158,0.32589998841285706,-13.446399688720703,948.22998046875,343448832.0,0.0,0.0,False
2022-09-28 20:09:06,294.2431833333333,1.190000057220459,0.32589998841285706,-13.449399948120117,948.219970703125,758144960.0,0.0,0.0,False
2022-09-28 20:09:16,294.25848888888885,1.2000000476837158,0.32589998841285706,-13.43970012664795,948.260009765625,1172910848.0,0.0,0.0,False
2022-09-28 20:09:27,294.275325,1.2000000476837158,0.32589998841285706,-13.453399658203125,948.2000122070312,1587629184.0,0.0,0.0,False
2022-09-28 20:09:37,294.29063055555554,1.190000057220459,0.32589998841285706,-13.456600189208984,948.1900024414062,2002361984.0,0.0,0.0,False
2022-09-28 20:09:48,294.30746666666664,1.2000000476837158,0.32589998841285706,-13.48799991607666,948.0700073242188,2454354432.0,0.0,0.0,True
2022-09-28 20:09:59,294.32430277777775,1.190000057220459,0.32589998841285706,-13.505399703979492,948.0,2869037312.0,0.0,0.0,False
2022-09-28 20:10:09,294.33960833333333,1.190000057220459,0.32589998841285706,-13.476699829101562,948.1099853515625,3283811840.0,0.0,0.0,False
2022-09-28 20:10:20,294.35644444444443,1.2000000476837158,0.32589998841285706,-13.461299896240234,948.1699829101562,3698612736.0,0.0,0.0,False
2022-09-28 20:10:30,294.37174999999996,1.2000000476837158,0.32589998841285706,-13.484600067138672,948.0800170898438,4113340928.0,0.0,0.0,False
2022-09-28 20:10:40,294.38705555555555,1.190000057220459,0.32589998841285706,-13.448599815368652,948.219970703125,233175552.0,0.0,0.0,False
2022-09-28 20:10:52,294.4054222222222,1.190000057220459,0.32589998841285706,-13.427800178527832,948.2999877929688,684978688.0,0.0,0.0,True
2022-09-28 20:11:02,294.42072777777776,1.2000000476837158,0.32589998841285706,-13.429900169372559,948.2899780273438,1099733888.0,0.0,0.0,False
2022-09-28 20:11:12,294.43603333333334,1.190000057220459,0.32589998841285706,-13.442299842834473,948.25,1514497664.0,0.0,0.0,False
2022-09-28 20:11:23,294.45286944444445,1.190000057220459,0.32589998841285706,-13.439900398254395,948.260009765625,1929222528.0,0.0,0.0,False
2022-09-28 20:11:33,294.46817500000003,1.190000057220459,0.32589998841285706,-13.456600189208984,948.1900024414062,2343908864.0,0.0,0.0,False
2022-09-28 20:11:43,294.48348055555556,1.190000057220459,0.32589998841285706,-13.434599876403809,948.280029296875,2758640640.0,0.0,0.0,False
2022-09-28 20:11:55,294.50184722222224,1.2000000476837158,0.32589998841285706,-13.449000358581543,948.219970703125,3210566400.0,0.0,0.0,True
2022-09-28 20:12:05,294.51715277777777,1.2000000476837158,0.32589998841285706,-13.437700271606445,948.260009765625,3625368064.0,0.0,0.0,False
2022-09-28 20:12:15,294.5324583333333,1.190000057220459,0.32589998841285706,-13.409099578857422,948.3800048828125,4040047872.0,0.0,0.0,False
2022-09-28 20:12:26,294.5492944444444,1.190000057220459,0.32589998841285706,-13.44629955291748,948.22998046875,159802992.0,0.0,0.0,False
2022-09-28 20:12:36,294.5646,1.2000000476837158,0.32589998841285706,-13.415499687194824,948.3499755859375,574529344.0,0.0,0.0,False
2022-09-28 20:12:47,294.5814361111111,1.2000000476837158,0.32589998841285706,-13.40149974822998,948.4000244140625,989138112.0,0.0,0.0,False
2022-09-28 20:12:58,294.5982722222222,1.190000057220459,0.32589998841285706,-13.4173002243042,948.3400268554688,1441053952.0,0.0,0.0,True
2022-09-28 20:13:08,294.6135777777778,1.190000057220459,0.32589998841285706,-13.42039966583252,948.3300170898438,1855860864.0,0.0,0.0,False
2022-09-28 20:13:19,294.6304138888889,1.190000057220459,0.32589998841285706,-13.394100189208984,948.4299926757812,2270583552.0,0.0,0.0,False
2022-09-28 20:13:29,294.6457194444444,1.190000057220459,0.32589998841285706,-13.39430046081543,948.4299926757812,2685435392.0,0.0,0.0,False
2022-09-28 20:13:39,294.661025,1.190000057220459,0.32589998841285706,-13.40149974822998,948.4000244140625,3100163584.0,0.0,0.0,False
2022-09-28 20:13:50,294.6778611111111,1.2000000476837158,0.32589998841285706,-13.457099914550781,948.1900024414062,3514930944.0,0.0,0.0,False
2022-09-28 20:14:01,294.6946972222222,1.2000000476837158,0.32589998841285706,-13.461199760437012,948.1699829101562,3966681600.0,0.0,0.0,True
2022-09-28 20:14:11,294.7100027777778,1.2000000476837158,0.32589998841285706,-13.471500396728516,948.1300048828125,86487752.0,0.0,0.0,False
2022-09-28 20:14:22,294.7268388888889,1.2000000476837158,0.32589998841285706,-13.459699630737305,948.1799926757812,501199872.0,0.0,0.0,False
2022-09-28 20:14:32,294.7421444444444,1.2000000476837158,0.32589998841285706,-13.529000282287598,947.9099731445312,915731072.0,0.0,0.0,False
2022-09-28 20:14:42,294.75744999999995,1.2000000476837158,0.32589998841285706,-13.495699882507324,948.0399780273438,1330577664.0,0.0,0.0,False
2022-09-28 20:14:53,294.7742861111111,1.190000057220459,0.32589998841285706,-13.442999839782715,948.239990234375,1745308160.0,0.0,0.0,False
2022-09-28 20:15:04,294.7911222222222,1.2000000476837158,0.32589998841285706,-13.41670036315918,948.3499755859375,2197309440.0,0.0,0.0,True
2022-09-28 20:15:15,294.8079583333333,1.190000057220459,0.32589998841285706,-13.40149974822998,948.4000244140625,2612035072.0,0.0,0.0,False
2022-09-28 20:15:25,294.82326388888885,1.2000000476837158,0.32589998841285706,-13.399700164794922,948.4099731445312,3026637312.0,0.0,0.0,False
2022-09-28 20:15:35,294.83856944444443,1.2000000476837158,0.32589998841285706,-13.419300079345703,948.3400268554688,3441482496.0,0.0,0.0,False
2022-09-28 20:15:46,294.85540555555554,1.2000000476837158,0.32589998841285706,-13.412300109863281,948.3599853515625,3856210432.0,0.0,0.0,False
2022-09-28 20:15:56,294.8707111111111,1.2000000476837158,0.32589998841285706,-13.390999794006348,948.4400024414062,4271046656.0,0.0,0.0,False
2022-09-28 20:16:07,294.8875472222222,1.190000057220459,0.32589998841285706,-13.35669994354248,948.5800170898438,430200608.0,0.0,0.0,True
2022-09-28 20:16:18,294.9043833333333,1.190000057220459,0.32589998841285706,-13.352499961853027,948.5900268554688,845042304.0,0.0,0.0,False
2022-09-28 20:16:28,294.91968888888886,1.190000057220459,0.32589998841285706,-13.400500297546387,948.4099731445312,1259723520.0,0.0,0.0,False
2022-09-28 20:16:38,294.93499444444444,1.190000057220459,0.32589998841285706,-13.381500244140625,948.47998046875,1674491648.0,0.0,0.0,False
2022-09-28 20:16:49,294.95183055555555,1.190000057220459,0.32589998841285706,-13.35770034790039,948.5700073242188,2089255552.0,0.0,0.0,False
2022-09-28 20:16:59,294.96713611111113,1.190000057220459,0.32589998841285706,-13.421199798583984,948.3300170898438,2503987200.0,0.0,0.0,False
2022-09-28 20:17:13,294.98856388888885,1.2000000476837158,0.32589998841285706,-13.384900093078613,948.469970703125,414758208.0,0.0,0.0,False
2022-09-28 20:17:23,295.00386944444443,1.2000000476837158,0.32589998841285706,-13.381400108337402,948.47998046875,829521280.0,0.0,0.0,False
2022-09-28 20:17:33,295.01917499999996,1.190000057220459,0.32589998841285706,-13.428400039672852,948.2999877929688,1244288768.0,0.0,0.0,False
2022-09-28 20:17:44,295.03601111111107,1.190000057220459,0.32589998841285706,-13.40839958190918,948.3800048828125,1658845056.0,0.0,0.0,False
2022-09-28 20:17:54,295.05131666666665,1.2000000476837158,0.32589998841285706,-13.444899559020996,948.239990234375,2073581312.0,0.0,0.0,False
2022-09-28 20:18:05,295.06815277777775,1.2000000476837158,0.32589998841285706,-13.503700256347656,948.010009765625,2488306688.0,0.0,0.0,False
2022-09-28 20:18:16,295.08498888888886,1.2000000476837158,0.32589998841285706,-13.499500274658203,948.030029296875,2940307968.0,0.0,0.0,True
2022-09-28 20:18:26,295.10029444444444,1.2000000476837158,0.32589998841285706,-13.538599967956543,947.8800048828125,3354939648.0,0.0,0.0,False
2022-09-28 20:18:37,295.11713055555555,1.190000057220459,0.32589998841285706,-13.533900260925293,947.8900146484375,3769748224.0,0.0,0.0,False
2022-09-28 20:18:47,295.13243611111113,1.190000057220459,0.32589998841285706,-13.521200180053711,947.9400024414062,4184562688.0,0.0,0.0,False
2022-09-28 20:18:57,295.14774166666666,1.190000057220459,0.32589998841285706,-13.583499908447266,947.7000122070312,304287264.0,0.0,0.0,False
2022-09-28 20:19:08,295.16457777777777,1.2000000476837158,0.32589998841285706,-13.485199928283691,948.0800170898438,718961152.0,0.0,0.0,False
2022-09-28 20:19:19,295.18141388888887,1.190000057220459,0.32580000162124634,-13.508500099182129,947.989990234375,1170766464.0,0.0,0.0,True
2022-09-28 20:19:29,295.1967194444444,1.2000000476837158,0.32589998841285706,-13.490799903869629,948.0599975585938,1585497472.0,0.0,0.0,False
2022-09-28 20:19:40,295.21355555555556,1.2000000476837158,0.32589998841285706,-13.534099578857422,947.8900146484375,2000255616.0,0.0,0.0,False
2022-09-28 20:19:50,295.2288611111111,1.2000000476837158,0.32589998841285706,-13.456600189208984,948.1900024414062,2414941952.0,0.0,0.0,False
2022-09-28 20:20:00,295.2441666666667,1.190000057220459,0.32589998841285706,-13.455900192260742,948.1900024414062,2829708800.0,0.0,0.0,False
2022-09-28 20:20:11,295.2610027777778,1.2000000476837158,0.32589998841285706,-13.461899757385254,948.1699829101562,3244538112.0,0.0,0.0,False
2022-09-28 20:20:22,295.2778388888889,1.2000000476837158,0.32589998841285706,-13.495200157165527,948.0399780273438,3696395264.0,0.0,0.0,True
2022-09-28 20:20:33,295.294675,1.190000057220459,0.32589998841285706,-13.47719955444336,948.1099853515625,4111187968.0,0.0,0.0,False
2022-09-28 20:20:43,295.30998055555557,1.2000000476837158,0.32589998841285706,-13.461799621582031,948.1699829101562,231030288.0,0.0,0.0,False
2022-09-28 20:20:53,295.3252861111111,1.2000000476837158,0.32589998841285706,-13.434300422668457,948.280029296875,645797248.0,0.0,0.0,False
2022-09-28 20:21:04,295.3421222222222,1.2000000476837158,0.32589998841285706,-13.4443998336792,948.239990234375,1060598912.0,0.0,0.0,False
2022-09-28 20:21:14,295.3574277777778,1.2000000476837158,0.32589998841285706,-13.384099960327148,948.469970703125,1475501184.0,0.0,0.0,False
2022-09-28 20:21:25,295.3742638888889,1.2000000476837158,0.32589998841285706,-13.383700370788574,948.469970703125,1927481600.0,0.0,0.0,True
2022-09-28 20:21:36,295.3911,1.190000057220459,0.32589998841285706,-13.39799976348877,948.4199829101562,2342295296.0,0.0,0.0,False
2022-09-28 20:21:46,295.4064055555556,1.190000057220459,0.32589998841285706,-13.378000259399414,948.489990234375,2757015296.0,0.0,0.0,False
2022-09-28 20:21:56,295.4217111111111,1.190000057220459,0.32589998841285706,-13.40149974822998,948.4000244140625,3171873024.0,0.0,0.0,False
2022-09-28 20:22:07,295.4385472222222,1.2000000476837158,0.32589998841285706,-13.435199737548828,948.27001953125,3586700800.0,0.0,0.0,False
2022-09-28 20:22:17,295.45385277777774,1.190000057220459,0.32589998841285706,-13.41450023651123,948.3499755859375,4001514496.0,0.0,0.0,False
2022-09-28 20:22:29,295.4722194444444,1.190000057220459,0.32589998841285706,-13.39739990234375,948.4199829101562,160783088.0,0.0,0.0,True
2022-09-28 20:22:39,295.48752499999995,1.190000057220459,0.32589998841285706,-13.39330005645752,948.4400024414062,575548800.0,0.0,0.0,False
2022-09-28 20:22:49,295.50283055555553,1.2000000476837158,0.32589998841285706,-13.424400329589844,948.3200073242188,990358016.0,0.0,0.0,False
2022-09-28 20:23:00,295.51966666666664,1.2000000476837158,0.32580000162124634,-13.454299926757812,948.2000122070312,1405155328.0,0.0,0.0,False
2022-09-28 20:23:10,295.5349722222222,1.190000057220459,0.32589998841285706,-13.442399978637695,948.25,1819917312.0,0.0,0.0,False
2022-09-28 20:23:20,295.55027777777775,1.190000057220459,0.32589998841285706,-13.51140022277832,947.97998046875,2234689792.0,0.0,0.0,False
2022-09-28 20:23:32,295.56864444444443,1.190000057220459,0.32589998841285706,-13.505800247192383,948.0,2686295808.0,0.0,0.0,True
2022-09-28 20:23:42,295.58395,1.2000000476837158,0.32589998841285706,-13.540499687194824,947.8699951171875,3101101312.0,0.0,0.0,False
2022-09-28 20:23:52,295.59925555555554,1.2000000476837158,0.32589998841285706,-13.576000213623047,947.72998046875,3515858944.0,0.0,0.0,False
2022-09-28 20:24:03,295.61609166666665,1.2000000476837158,0.32589998841285706,-13.544099807739258,947.8599853515625,3930618112.0,0.0,0.0,False
2022-09-28 20:24:13,295.63139722222223,1.2000000476837158,0.32589998841285706,-13.495400428771973,948.0399780273438,50465568.0,0.0,0.0,False
2022-09-28 20:24:24,295.64823333333334,1.2000000476837158,0.32580000162124634,-13.510600090026855,947.97998046875,465269120.0,0.0,0.0,False
2022-09-28 20:24:35,295.66506944444444,1.2000000476837158,0.32589998841285706,-13.522700309753418,947.9400024414062,917191680.0,0.0,0.0,True
2022-09-28 20:24:45,295.68037499999997,1.190000057220459,0.32580000162124634,-13.506999969482422,948.0,1332040320.0,0.0,0.0,False
2022-09-28 20:24:56,295.69721111111113,1.2000000476837158,0.32580000162124634,-13.468799591064453,948.1500244140625,1746789120.0,0.0,0.0,False
2022-09-28 20:25:06,295.71251666666666,1.190000057220459,0.32589998841285706,-13.490599632263184,948.0599975585938,2161654272.0,0.0,0.0,False
2022-09-28 20:25:16,295.7278222222222,1.2000000476837158,0.32580000162124634,-13.460200309753418,948.1799926757812,2576489984.0,0.0,0.0,False
2022-09-28 20:25:27,295.7446583333333,1.2000000476837158,0.32589998841285706,-13.461099624633789,948.1699829101562,2991340800.0,0.0,0.0,False
2022-09-28 20:25:38,295.7614944444444,1.2000000476837158,0.32580000162124634,-13.434399604797363,948.280029296875,3443377920.0,0.0,0.0,True
2022-09-28 20:25:48,295.7768,1.190000057220459,0.32589998841285706,-13.407999992370605,948.3800048828125,3858110976.0,0.0,0.0,False
2022-09-28 20:25:59,295.7936361111111,1.190000057220459,0.32580000162124634,-13.450300216674805,948.219970703125,4272948992.0,0.0,0.0,False
2022-09-28 20:26:09,295.80894166666667,1.2000000476837158,0.32580000162124634,-13.476200103759766,948.1199951171875,392742464.0,0.0,0.0,False
2022-09-28 20:26:19,295.8242472222222,1.2000000476837158,0.32580000162124634,-13.406000137329102,948.3900146484375,807583616.0,0.0,0.0,False
2022-09-28 20:26:30,295.84108333333336,1.2000000476837158,0.32580000162124634,-13.422599792480469,948.3200073242188,1222398464.0,0.0,0.0,False
2022-09-28 20:26:41,295.85791944444446,1.2000000476837158,0.32580000162124634,-13.46619987487793,948.1599731445312,1674508160.0,0.0,0.0,True
2022-09-28 20:26:51,295.873225,1.2000000476837158,0.32580000162124634,-13.502099990844727,948.02001953125,2089357056.0,0.0,0.0,False
2022-09-28 20:27:02,295.8900611111111,1.190000057220459,0.32580000162124634,-13.451399803161621,948.2100219726562,2504196352.0,0.0,0.0,False
2022-09-28 20:27:12,295.9053666666667,1.2000000476837158,0.32580000162124634,-13.482099533081055,948.0900268554688,2919053824.0,0.0,0.0,False
2022-09-28 20:27:23,295.9222027777778,1.2000000476837158,0.32589998841285706,-13.521400451660156,947.9400024414062,3333845248.0,0.0,0.0,False
2022-09-28 20:27:33,295.9375083333333,1.2000000476837158,0.32580000162124634,-13.5246000289917,947.9299926757812,3748619520.0,0.0,0.0,False
2022-09-28 20:37:42,296.8696166666666,1.190000057220459,0.32589998841285706,-13.50790023803711,947.989990234375,414882048.0,414882048.0,1.0,False
2022-09-28 20:38:01,296.8986972222222,1.2000000476837158,0.32589998841285706,-13.558600425720215,947.7999877929688,414571200.0,414571200.0,1.0,False
2022-09-28 20:38:21,296.9293083333333,1.190000057220459,0.32589998841285706,-13.67710018157959,947.3400268554688,414672064.0,414672064.0,1.0,False
2022-09-28 20:39:02,296.9920611111111,1.190000057220459,0.32589998841285706,-13.49940013885498,948.030029296875,414784096.0,0.0,0.0,False
2022-09-28 20:39:12,297.00736666666666,1.190000057220459,0.32589998841285706,-13.456100463867188,948.1900024414062,829511296.0,0.0,0.0,False
2022-09-28 20:39:22,297.0226722222222,1.2000000476837158,0.32589998841285706,-13.462599754333496,948.1699829101562,1244231808.0,0.0,0.0,False
2022-09-28 20:39:34,297.04103888888886,1.2000000476837158,0.32589998841285706,-13.479499816894531,948.0999755859375,1696278400.0,1.0,5.895258725630015e-10,True
2022-09-28 20:39:53,297.07011944444446,1.190000057220459,0.32589998841285706,-13.450599670410156,948.219970703125,414715264.0,0.0,0.0,False
2022-09-28 20:40:03,297.085425,1.2000000476837158,0.32589998841285706,-13.449600219726562,948.219970703125,829401152.0,0.0,0.0,False
2022-09-28 20:40:14,297.1022611111111,1.2000000476837158,0.32589998841285706,-13.472000122070312,948.1300048828125,1244155648.0,0.0,0.0,False
2022-09-28 20:40:24,297.1175666666667,1.2000000476837158,0.32589998841285706,-13.408499717712402,948.3800048828125,1658921728.0,0.0,0.0,False
2022-09-28 20:40:34,297.1328722222222,1.2000000476837158,0.32589998841285706,-13.398200035095215,948.4199829101562,2073735680.0,0.0,0.0,False
2022-09-28 20:40:46,297.1512388888889,1.2000000476837158,0.32589998841285706,-13.401100158691406,948.4099731445312,2525575936.0,0.0,0.0,True
2022-09-28 20:40:56,297.1665444444444,1.2000000476837158,0.32589998841285706,-13.462699890136719,948.1699829101562,2940300800.0,0.0,0.0,False
2022-09-28 20:41:06,297.18185,1.190000057220459,0.32589998841285706,-13.440600395202637,948.25,3355022592.0,0.0,0.0,False
2022-09-28 20:41:17,297.1986861111111,1.190000057220459,0.32589998841285706,-13.46399974822998,948.1599731445312,3769819392.0,0.0,0.0,False
2022-09-28 20:41:27,297.21399166666663,1.190000057220459,0.32589998841285706,-13.42490005493164,948.3099975585938,4184676096.0,0.0,0.0,False
2022-09-28 20:41:38,297.23082777777773,1.2000000476837158,0.32589998841285706,-13.367400169372559,948.5399780273438,304463552.0,0.0,0.0,False
2022-09-28 20:41:49,297.2476638888889,1.190000057220459,0.32589998841285706,-13.431099891662598,948.2899780273438,758661824.0,1.0,1.3181103986070752e-09,True
2022-09-28 20:42:08,297.27674444444443,1.190000057220459,0.32589998841285706,-13.481399536132812,948.0999755859375,414754368.0,0.0,0.0,False
2022-09-28 20:42:18,297.29204999999996,1.190000057220459,0.32589998841285706,-13.508500099182129,947.989990234375,829516864.0,0.0,0.0,False
2022-09-28 20:42:29,297.30888611111106,1.190000057220459,0.32589998841285706,-13.497900009155273,948.030029296875,1244439424.0,0.0,0.0,False
2022-09-28 20:42:39,297.32419166666665,1.2000000476837158,0.32589998841285706,-13.479100227355957,948.1099853515625,1659163392.0,0.0,0.0,False
2022-09-28 20:42:49,297.33949722222223,1.190000057220459,0.32589998841285706,-13.461700439453125,948.1699829101562,2073978368.0,0.0,0.0,False
2022-09-28 20:43:01,297.35786388888886,1.190000057220459,0.32580000162124634,-13.509200096130371,947.989990234375,2526009600.0,0.0,0.0,True
2022-09-28 20:43:11,297.37316944444444,1.2000000476837158,0.32589998841285706,-13.51609992980957,947.9600219726562,2940696576.0,0.0,0.0,False
2022-09-28 20:43:22,297.39000555555555,1.2000000476837158,0.32589998841285706,-13.529800415039062,947.9099731445312,3355342336.0,0.0,0.0,False
2022-09-28 20:43:32,297.40531111111113,1.190000057220459,0.32589998841285706,-13.509400367736816,947.989990234375,3770113280.0,0.0,0.0,False
2022-09-28 20:43:42,297.42061666666666,1.190000057220459,0.32589998841285706,-13.446900367736816,948.22998046875,4184751616.0,0.0,0.0,False
2022-09-28 20:43:53,297.43745277777776,1.190000057220459,0.32589998841285706,-13.414299964904785,948.3499755859375,304438624.0,0.0,0.0,False
2022-09-28 20:44:04,297.45428888888887,1.2000000476837158,0.32589998841285706,-13.433199882507324,948.280029296875,756352768.0,1.0,1.3221344019598291e-09,True
2022-09-28 20:44:23,297.4833694444444,1.2000000476837158,0.32589998841285706,-13.431400299072266,948.2899780273438,414637184.0,0.0,0.0,False
2022-09-28 20:44:33,297.498675,1.2000000476837158,0.32589998841285706,-13.373499870300293,948.510009765625,829434688.0,0.0,0.0,False
2022-09-28 20:44:44,297.5155111111111,1.190000057220459,0.32589998841285706,-13.35200023651123,948.5900268554688,1244163968.0,0.0,0.0,False
2022-09-28 20:44:54,297.5308166666667,1.190000057220459,0.32589998841285706,-13.412300109863281,948.3599853515625,1658769024.0,0.0,0.0,False
2022-09-28 20:45:05,297.5476527777778,1.2000000476837158,0.32589998841285706,-13.448800086975098,948.219970703125,2073538304.0,0.0,0.0,False
2022-09-28 20:45:16,297.5644888888889,1.190000057220459,0.32589998841285706,-13.387800216674805,948.4600219726562,2525329408.0,0.0,0.0,True
2022-09-28 20:45:26,297.5797944444445,1.190000057220459,0.32589998841285706,-13.484199523925781,948.0900268554688,2940098304.0,0.0,0.0,False
2022-09-28 20:45:37,297.5966305555556,1.190000057220459,0.32580000162124634,-13.51830005645752,947.9500122070312,3354902016.0,0.0,0.0,False
2022-09-28 20:45:47,297.6119361111111,1.190000057220459,0.32580000162124634,-13.432600021362305,948.280029296875,3769668864.0,0.0,0.0,False
2022-09-28 20:45:57,297.62724166666663,1.190000057220459,0.32580000162124634,-13.50220012664795,948.02001953125,4184433408.0,0.0,0.0,False
2022-09-28 20:46:08,297.64407777777774,1.190000057220459,0.32580000162124634,-13.48009967803955,948.0999755859375,304321856.0,0.0,0.0,False
2022-09-28 20:46:19,297.6609138888889,1.2000000476837158,0.32580000162124634,-13.450400352478027,948.219970703125,756403968.0,0.0,0.0,True
2022-09-28 20:46:29,297.6762194444444,1.2000000476837158,0.32589998841285706,-13.538700103759766,947.8800048828125,1171194496.0,0.0,0.0,False
2022-09-28 20:46:40,297.69305555555553,1.190000057220459,0.32580000162124634,-13.503899574279785,948.010009765625,1585927808.0,0.0,0.0,False
2022-09-28 20:46:50,297.7083611111111,1.2000000476837158,0.32589998841285706,-13.47070026397705,948.1400146484375,2000644352.0,0.0,0.0,False
2022-09-28 20:47:00,297.72366666666665,1.2000000476837158,0.32580000162124634,-13.49779987335205,948.030029296875,2415452928.0,0.0,0.0,False
2022-09-28 20:47:11,297.74050277777775,1.190000057220459,0.32589998841285706,-13.520099639892578,947.9500122070312,2830255104.0,0.0,0.0,False
2022-09-28 20:47:22,297.75733888888885,1.2000000476837158,0.32580000162124634,-13.541000366210938,947.8699951171875,3281865984.0,0.0,0.0,True
2022-09-28 20:47:32,297.77264444444444,1.2000000476837158,0.32580000162124634,-13.505200386047363,948.0,3696707328.0,0.0,0.0,False
2022-09-28 20:47:43,297.78948055555554,1.2000000476837158,0.32580000162124634,-13.500300407409668,948.02001953125,4111512576.0,0.0,0.0,False
2022-09-28 20:47:53,297.8047861111111,1.2000000476837158,0.32580000162124634,-13.451499938964844,948.2100219726562,231310656.0,0.0,0.0,False
2022-09-28 20:48:04,297.82162222222223,1.2000000476837158,0.32580000162124634,-13.511099815368652,947.97998046875,646158784.0,0.0,0.0,False
2022-09-28 20:48:14,297.83692777777776,1.190000057220459,0.32580000162124634,-13.511799812316895,947.97998046875,1060919808.0,0.0,0.0,False
2022-09-28 20:48:25,297.8537638888889,1.190000057220459,0.32580000162124634,-13.517200469970703,947.9600219726562,1514390784.0,0.0,0.0,True
2022-09-28 20:48:36,297.8706,1.190000057220459,0.32580000162124634,-13.454899787902832,948.2000122070312,1929241088.0,0.0,0.0,False
2022-09-28 20:48:46,297.88590555555555,1.190000057220459,0.32580000162124634,-13.472999572753906,948.1300048828125,2343962880.0,0.0,0.0,False
2022-09-28 20:48:56,297.9012111111111,1.2000000476837158,0.32580000162124634,-13.444600105285645,948.239990234375,2758775040.0,0.0,0.0,False
2022-09-28 20:49:07,297.9180472222222,1.2000000476837158,0.32580000162124634,-13.390000343322754,948.4500122070312,3173536768.0,0.0,0.0,False
2022-09-28 20:49:17,297.93335277777777,1.2000000476837158,0.32580000162124634,-13.403499603271484,948.4000244140625,3588019968.0,0.0,0.0,False
2022-09-28 20:49:31,297.95478055555554,1.190000057220459,0.32580000162124634,-13.365699768066406,948.5399780273438,414725888.0,0.0,0.0,False
2022-09-28 20:49:41,297.97008611111113,1.190000057220459,0.32580000162124634,-13.440899848937988,948.25,829560896.0,0.0,0.0,False
2022-09-28 20:49:51,297.98539166666666,1.2000000476837158,0.32580000162124634,-13.428099632263184,948.2999877929688,1244287744.0,0.0,0.0,False
2022-09-28 20:50:02,298.00222777777776,1.190000057220459,0.32580000162124634,-13.36989974975586,948.530029296875,1658892416.0,0.0,0.0,False
2022-09-28 20:50:12,298.0175333333333,1.2000000476837158,0.32580000162124634,-13.419500350952148,948.3300170898438,2073659520.0,0.0,0.0,False
2022-09-28 20:50:23,298.03436944444445,1.2000000476837158,0.32580000162124634,-13.454000473022461,948.2000122070312,2487946496.0,0.0,0.0,False
2022-09-28 20:50:34,298.05120555555555,1.2000000476837158,0.32580000162124634,-13.472900390625,948.1300048828125,2940098304.0,1.0,3.4012467842181593e-10,True
2022-09-28 20:50:47,298.07110277777775,1.2000000476837158,0.32580000162124634,-13.427599906921387,948.2999877929688,414967168.0,0.0,0.0,False
2022-09-28 20:50:58,298.08793888888886,1.190000057220459,0.32580000162124634,-13.454999923706055,948.2000122070312,829722432.0,0.0,0.0,False
2022-09-28 20:51:08,298.10324444444444,1.2000000476837158,0.32580000162124634,-13.458100318908691,948.1900024414062,1244362240.0,0.0,0.0,False
2022-09-28 20:51:19,298.12008055555555,1.190000057220459,0.32580000162124634,-13.411499977111816,948.3699951171875,1659169792.0,0.0,0.0,False
2022-09-28 20:51:29,298.1353861111111,1.2000000476837158,0.32580000162124634,-13.388099670410156,948.4600219726562,2073858688.0,0.0,0.0,False
2022-09-28 20:51:40,298.15222222222224,1.190000057220459,0.32580000162124634,-13.409299850463867,948.3699951171875,2526259200.0,0.0,0.0,True
2022-09-28 20:51:51,298.16905833333334,1.190000057220459,0.32580000162124634,-13.462499618530273,948.1699829101562,2941029120.0,0.0,0.0,False
2022-09-28 20:52:01,298.18436388888887,1.2000000476837158,0.32580000162124634,-13.481800079345703,948.0900268554688,3355832576.0,0.0,0.0,False
2022-09-28 20:52:11,298.19966944444445,1.190000057220459,0.32580000162124634,-13.474599838256836,948.1199951171875,3770552832.0,0.0,0.0,False
2022-09-28 20:52:22,298.21650555555556,1.2000000476837158,0.32580000162124634,-13.546799659729004,947.8400268554688,4185236480.0,0.0,0.0,False
2022-09-28 20:52:32,298.2318111111111,1.2000000476837158,0.32580000162124634,-13.482099533081055,948.0900268554688,304998240.0,0.0,0.0,False
2022-09-28 20:52:43,298.24864722222225,1.2000000476837158,0.32580000162124634,-13.499799728393555,948.030029296875,756752896.0,0.0,0.0,True
2022-09-28 20:52:54,298.26548333333335,1.190000057220459,0.32580000162124634,-13.485400199890137,948.0800170898438,1171360512.0,0.0,0.0,False
2022-09-28 20:53:04,298.2807888888889,1.2000000476837158,0.32580000162124634,-13.484000205993652,948.0900268554688,1586090112.0,0.0,0.0,False
2022-09-28 20:53:14,298.2960944444444,1.2000000476837158,0.32580000162124634,-13.475500106811523,948.1199951171875,2000903424.0,0.0,0.0,False
2022-09-28 20:53:25,298.3129305555555,1.190000057220459,0.32580000162124634,-13.453800201416016,948.2000122070312,2415298560.0,0.0,0.0,False
2022-09-28 20:53:35,298.3282361111111,1.2000000476837158,0.32580000162124634,-13.460200309753418,948.1799926757812,2830111744.0,0.0,0.0,False
2022-09-28 20:53:46,298.3450722222222,1.190000057220459,0.32580000162124634,-13.410799980163574,948.3699951171875,3281859840.0,0.0,0.0,True
2022-09-28 20:53:57,298.3619083333333,1.190000057220459,0.32580000162124634,-13.47089958190918,948.1400146484375,3696587008.0,0.0,0.0,False
2022-09-28 20:54:07,298.3772138888889,1.2000000476837158,0.32580000162124634,-13.424200057983398,948.3200073242188,4111308544.0,0.0,0.0,False
2022-09-28 20:54:18,298.39405,1.2000000476837158,0.32580000162124634,-13.374500274658203,948.510009765625,230946464.0,0.0,0.0,False
2022-09-28 20:54:28,298.4093555555556,1.190000057220459,0.32580000162124634,-13.377699851989746,948.5,645670656.0,0.0,0.0,False
2022-09-28 20:54:38,298.4246611111111,1.2000000476837158,0.32580000162124634,-13.36520004272461,948.5399780273438,1060394816.0,0.0,0.0,False
2022-09-28 20:54:50,298.4430277777778,1.2000000476837158,0.32580000162124634,-13.382399559020996,948.47998046875,1514684928.0,0.0,0.0,True
2022-09-28 20:55:00,298.4583333333333,1.2000000476837158,0.32580000162124634,-13.390000343322754,948.4500122070312,1929523200.0,0.0,0.0,False
2022-09-28 20:55:10,298.4736388888889,1.2000000476837158,0.32580000162124634,-13.411299705505371,948.3699951171875,2344333312.0,0.0,0.0,False
2022-09-28 20:55:21,298.490475,1.2000000476837158,0.32580000162124634,-13.402799606323242,948.4000244140625,2759133952.0,0.0,0.0,False
2022-09-28 20:55:31,298.50578055555553,1.2000000476837158,0.32580000162124634,-13.370699882507324,948.52001953125,3173940992.0,0.0,0.0,False
2022-09-28 20:55:41,298.52108611111106,1.2000000476837158,0.32580000162124634,-13.390999794006348,948.4400024414062,3588513536.0,0.0,0.0,False
2022-09-28 20:55:53,298.5394527777778,1.2000000476837158,0.32580000162124634,-13.407899856567383,948.3800048828125,4040311040.0,0.0,0.0,True
2022-09-28 20:56:03,298.5547583333333,1.2000000476837158,0.32580000162124634,-13.482199668884277,948.0900268554688,160093488.0,0.0,0.0,False
2022-09-28 20:56:14,298.57159444444443,1.2000000476837158,0.32580000162124634,-13.469400405883789,948.1400146484375,574949632.0,0.0,0.0,False
2022-09-28 20:56:24,298.58689999999996,1.2000000476837158,0.32580000162124634,-13.483400344848633,948.0900268554688,989230272.0,0.0,0.0,False
2022-09-28 20:56:34,298.60220555555554,1.2000000476837158,0.32580000162124634,-13.463600158691406,948.1699829101562,1403479552.0,0.0,0.0,False
2022-09-28 20:56:45,298.61904166666665,1.2000000476837158,0.32580000162124634,-13.418600082397461,948.3400268554688,1818323456.0,0.0,0.0,False
2022-09-28 20:56:56,298.63587777777775,1.2000000476837158,0.32580000162124634,-13.455699920654297,948.2000122070312,2270079232.0,0.0,0.0,True
2022-09-28 20:57:06,298.65118333333334,1.2000000476837158,0.32580000162124634,-13.484000205993652,948.0900268554688,2684886528.0,0.0,0.0,False
2022-09-28 20:57:17,298.66801944444444,1.2000000476837158,0.32580000162124634,-13.571499824523926,947.75,3099648000.0,0.0,0.0,False
2022-09-28 20:57:42,298.7062833333333,1.190000057220459,0.32580000162124634,,,4111443456.0,0.0,0.0,False
2022-09-28 20:57:52,298.7215888888889,1.190000057220459,0.32580000162124634,-13.46780014038086,948.1500244140625,231185104.0,0.0,0.0,False
2022-09-28 20:58:03,298.738425,1.190000057220459,0.32580000162124634,-13.411399841308594,948.3699951171875,645803008.0,0.0,0.0,False
2022-09-28 20:58:14,298.7552611111111,1.190000057220459,0.32580000162124634,-13.439200401306152,948.260009765625,1097636224.0,1.0,9.110486254293448e-10,True
2022-09-28 20:58:28,298.7766888888889,1.190000057220459,0.32580000162124634,-13.430700302124023,948.2899780273438,414392352.0,0.0,0.0,False
2022-09-28 20:58:38,298.79199444444447,1.2000000476837158,0.32580000162124634,-13.379300117492676,948.489990234375,829184512.0,0.0,0.0,False
