voltage,timestamp,cb_settings,cb_pusm,ngood,maxgood,mingood,maxgood_index,mingood_index,third,third_index,used,used_index,used_phases,time,TID
float64,object,object,object,int64,int64,int64,int64,int64,int64,int64,int64,int64,object,datetime64[ns],float64
1.08,29Sep_122149,[13 14 15 24 25 26 27 28 29 30 31 56 57 58 59],[9 9 9 9 9 9 9 9 9 9 9 9 9 9 9 7],15,59,13,27,13,26,18,0,0,['6' '5' '6' '6' '6' '7' '6' '7' '6' '7' '6' '7'],2022-09-29 12:22:05,0.0
1.32,29Sep_122149,[11 12 13 14 15 24 25 26 27 28 29 30 31 56 57],[9 9 9 9 9 9 9 9 9 9 9 9 9 9 9],15,57,11,25,11,24,16,0,0,['6' '5' '6' '6' '6' '7' '6' '7' '6' '7' '6' '7'],2022-09-29 12:25:01,0.0
1.2,29Sep_122149,[12 13 14 15 24 25 26 27 28 29 30 31 56 57 58],[9 9 9 9 9 9 9 9 9 9 9 9 9 9 9],15,58,12,26,12,25,17,27,19,['6' '5' '6' '6' '6' '7' '6' '7' '6' '7' '6' '7'],2022-09-29 12:27:47,0.0
1.08,29Sep_125305,[13 14 15 24 25 26 27 28 29 30 31 56 57 58 59],[9 9 9 9 9 9 9 9 9 9 9 9 9 9 9],15,59,13,27,13,26,18,0,0,['6' '5' '6' '6' '6' '7' '6' '7' '6' '6' '6' '6'],2022-09-29 12:53:22,0.0
1.32,29Sep_125305,[11 12 13 14 15 24 25 26 27 28 29 30 31 56 57],[9 9 9 9 9 9 9 9 9 9 9 9 9 9 9],15,57,11,25,11,24,16,0,0,['6' '5' '6' '6' '6' '7' '6' '7' '6' '6' '6' '6'],2022-09-29 12:56:07,0.0
1.2,29Sep_125305,[12 13 14 15 24 25 26 27 28 29 30 31 56 57 58],[9 9 9 9 9 9 9 9 9 9 9 9 9 9 9],15,58,12,26,12,25,17,27,19,['6' '5' '6' '6' '6' '7' '6' '7' '6' '6' '6' '6'],2022-09-29 12:58:52,0.0
1.2,29Sep_130314,[12 13 14 15 24 25 26 27 28 29 30 31 56 57 58],[9 9 9 9 9 9 9 9 9 9 9 9 9 9 9],15,58,12,26,12,25,17,27,19,['5' '11' '5' '5' '5' '6' '5' '6' '5' '6' '5' '5'],2022-09-29 13:03:30,0.0
1.2,29Sep_131015,[12 13 14 15 24 25 26 27 28 29 30 31 56 57 58],[9 9 9 9 9 9 9 9 9 9 9 9 9 9 9],15,58,12,26,12,25,17,29,21,['5' '11' '5' '5' '5' '6' '5' '6' '5' '6' '5' '5'],2022-09-29 13:10:31,0.0
1.2,29Sep_131934,[12 13 14 15 24 25 26 27 28 29 30 31 56 57 58 59],[9 9 9 9 9 9 9 9 9 9 9 9 9 9 9 9],16,59,12,27,12,25,17,0,0,['5' '11' '5' '5' '5' '6' '5' '6' '5' '6' '5' '5'],2022-09-29 13:19:51,0.0
1.2,29Sep_132925,[12 13 14 15 24 25 26 27 28 29 30 31 56 57 58 59],[7 9 9 9 9 9 9 9 9 9 9 9 9 9 9 9 9],16,59,12,27,12,25,17,0,0,['6' '5' '7' '6' '6' '7' '7' '7' '6' '7' '6' '7'],2022-09-29 13:29:42,0.0
1.32,29Sep_134334,[12 13 14 15 24 25 26 27 28 29 30 31 56 57 58],[9 9 9 9 9 9 9 9 9 9 9 9 9 9 9],15,58,12,26,12,25,17,0,0,['6' '5' '7' '6' '6' '7' '7' '7' '6' '7' '6' '7'],2022-09-29 13:43:50,0.0
1.08,29Sep_134334,[14 15 24 25 26 27 28 29 30 31 56 57 58 59 60],[9 9 9 9 9 9 9 9 9 9 9 9 9 9 9],15,60,14,28,14,27,19,30,22,['6' '5' '7' '6' '6' '7' '7' '7' '6' '7' '6' '7'],2022-09-29 13:46:36,0.0
1.32,30Sep_072744,[12 13 14 15 24 25 26 27 28 29 30 31 56 57 58],[9 9 9 9 9 9 9 9 9 9 9 9 9 9 9],15,58,12,26,12,25,17,0,0,['4' '11' '5' '5' '5' '6' '5' '6' '4' '5' '5' '5'],2022-09-30 07:28:00,0.0
1.08,30Sep_072744,[14 15 24 25 26 27 28 29 30 31 56 57 58 59 60],[9 9 9 9 9 9 9 9 9 9 9 9 9 9 9],15,60,14,28,14,27,19,0,0,['4' '11' '5' '5' '5' '6' '5' '6' '4' '5' '5' '5'],2022-09-30 07:30:46,0.0
1.2,30Sep_072744,[12 13 14 15 24 25 26 27 28 29 30 31 56 57 58 59],[9 9 9 9 9 9 9 9 9 9 9 9 9 9 9 9],16,59,12,27,12,25,17,25,17,['4' '11' '5' '5' '5' '6' '5' '6' '4' '5' '5' '5'],2022-09-30 07:33:33,0.0
1.32,30Sep_081335,[12 13 14 15 24 25 26 27 28 29 30 31 56 57 58],[9 9 9 9 9 9 9 9 9 9 9 9 9 9 9],15,58,12,26,12,25,17,0,0,['2' '9' '2' '2' '2' '11' '2' '3' '2' '3' '2' '2'],2022-09-30 08:13:51,0.0
1.08,30Sep_081335,[14 15 24 25 26 27 28 29 30 31 56 57 58 59 60],[9 9 9 9 9 9 9 9 9 9 9 9 9 9 9],15,60,14,28,14,27,19,27,19,['2' '9' '2' '2' '2' '11' '2' '3' '2' '3' '2' '2'],2022-09-30 08:16:37,0.0
1.2,30Sep_081335,[12 13 14 15 24 25 26 27 28 29 30 31 56 57 58 59],[9 9 9 9 9 9 9 9 9 9 9 9 9 9 9 9 7],16,59,12,27,12,25,17,25,17,['2' '9' '2' '2' '2' '11' '2' '3' '2' '3' '2' '2'],2022-09-30 08:30:29,1.5462916666666666
1.32,30Sep_083013,[12 13 14 15 24 25 26 27 28 29 30 31 56 57 58],[9 9 9 9 9 9 9 9 9 9 9 9 9 9 9],15,58,12,26,12,25,17,0,0,['4' '10' '4' '4' '12' '5' '5' '5' '12' '5' '5' '5'],2022-09-30 08:45:35,3.7735416666666666
1.08,30Sep_083013,[14 15 24 25 26 27 28 29 30 31 56 57 58 59 60],[9 9 9 9 9 9 9 9 9 9 9 9 9 9 9],15,60,14,28,14,27,19,27,19,['4' '10' '4' '4' '12' '5' '5' '5' '12' '5' '5' '5'],2022-09-30 08:48:21,4.1816249999999995
1.2,30Sep_083013,[13 14 15 24 25 26 27 28 29 30 31 56 57 58 59],[9 9 9 9 9 9 9 9 9 9 9 9 9 9 9],15,59,13,27,13,26,18,26,18,['4' '10' '4' '4' '12' '5' '5' '5' '12' '5' '5' '5'],2022-09-30 09:02:12,6.2245
1.32,30Sep_084518,[12 13 14 15 24 25 26 27 28 29 30 31 56 57 58 59],[9 9 9 9 9 9 9 9 9 9 9 9 9 9 9 9],16,59,12,27,12,25,17,0,0,['2' '8' '2' '2' '10' '3' '2' '3' '2' '2' '2' '2'],2022-09-30 09:17:24,8.4665
1.08,30Sep_084518,[14 15 24 25 26 27 28 29 30 31 56 57 58 59 60],[9 9 9 9 9 9 9 9 9 9 9 9 9 9 9],15,60,14,28,14,27,19,27,19,['2' '8' '2' '2' '10' '3' '2' '3' '2' '2' '2' '2'],2022-09-30 09:20:21,8.901625
1.2,30Sep_084518,[13 14 15 24 25 26 27 28 29 30 31 56 57 58 59],[9 9 9 9 9 9 9 9 9 9 9 9 9 9 9],15,59,13,27,13,26,18,26,18,['2' '8' '2' '2' '10' '3' '2' '3' '2' '2' '2' '2'],2022-09-30 09:34:12,10.9445
1.32,30Sep_090156,[12 13 14 15 24 25 26 27 28 29 30 31 56 57 58 59],[9 9 9 9 9 9 9 9 9 9 9 9 9 9 9 9],16,59,12,27,12,25,17,0,0,['4' '10' '5' '4' '12' '5' '5' '5' '4' '5' '5' '5'],2022-09-30 09:49:25,13.188958333333334
1.08,30Sep_090156,[14 15 24 25 26 27 28 29 30 31 56 57 58 59 60 61],[9 9 9 9 9 9 9 9 9 9 9 9 9 9 9 9],16,61,14,29,14,27,19,27,19,['4' '10' '5' '4' '12' '5' '5' '5' '4' '5' '5' '5'],2022-09-30 09:52:22,13.624083333333333
1.2,30Sep_090156,[13 14 15 24 25 26 27 28 29 30 31 56 57 58 59 60],[9 9 9 9 9 9 9 9 9 9 9 9 9 9 9 9],16,60,13,28,13,26,18,26,18,['4' '10' '5' '4' '12' '5' '5' '5' '4' '5' '5' '5'],2022-09-30 10:06:24,15.694
1.32,30Sep_091708,[12 13 14 15 24 25 26 27 28 29 30 31 56 57 58 59],[9 9 9 9 9 9 9 9 9 9 9 9 9 9 9 9],16,59,12,27,12,25,17,0,0,['2' '8' '2' '2' '10' '3' '2' '3' '2' '2' '2' '2'],2022-09-30 10:20:52,17.827833333333334
1.08,30Sep_091708,[14 15 24 25 26 27 28 29 30 31 56 57 58 59 60 61],[9 9 9 9 9 9 9 9 9 9 9 9 9 9 9 9],16,61,14,29,14,27,19,27,19,['2' '8' '2' '2' '10' '3' '2' '3' '2' '2' '2' '2'],2022-09-30 10:23:49,18.262958333333334
1.2,30Sep_091708,[13 14 15 24 25 26 27 28 29 30 31 56 57 58 59 60],[9 9 9 9 9 9 9 9 9 9 9 9 9 9 9 9],16,60,13,28,13,26,18,26,18,['2' '8' '2' '2' '10' '3' '2' '3' '2' '2' '2' '2'],2022-09-30 10:37:51,20.332874999999998
1.32,30Sep_093356,[12 13 14 15 24 25 26 27 28 29 30 31 56 57 58 59],[9 9 9 9 9 9 9 9 9 9 9 9 9 9 9 9 7],16,59,12,27,12,25,17,0,0,['4' '10' '5' '4' '12' '5' '5' '5' '4' '5' '5' '5'],2022-09-30 10:52:10,22.44458333333333
1.08,30Sep_093356,[14 15 24 25 26 27 28 29 30 31 56 57 58 59 60 61],[9 9 9 9 9 9 9 9 9 9 9 9 9 9 9 9],16,61,14,29,14,27,19,27,19,['4' '10' '5' '4' '12' '5' '5' '5' '4' '5' '5' '5'],2022-09-30 10:55:16,22.901833333333332
1.2,30Sep_093356,[13 14 15 24 25 26 27 28 29 30 31 56 57 58 59 60],[9 9 9 9 9 9 9 9 9 9 9 9 9 9 9 9],16,60,13,28,13,26,18,26,18,['4' '10' '5' '4' '12' '5' '5' '5' '4' '5' '5' '5'],2022-09-30 11:09:18,24.97175
1.32,30Sep_094909,[12 13 14 15 24 25 26 27 28 29 30 31 56 57 58 59],[9 9 9 9 9 9 9 9 9 9 9 9 9 9 9 9],16,59,12,27,12,25,17,0,0,['2' '8' '2' '2' '10' '3' '2' '3' '2' '3' '2' '2'],2022-09-30 11:24:12,27.169499999999996
1.08,30Sep_094909,[15 24 25 26 27 28 29 30 31 56 57 58 59 60 61],[7 9 9 9 9 9 9 9 9 9 9 9 9 9 9 9],15,61,15,29,15,28,20,27,19,['2' '8' '2' '2' '10' '3' '2' '3' '2' '3' '2' '2'],2022-09-30 11:27:09,27.604625
1.2,30Sep_094909,[13 14 15 24 25 26 27 28 29 30 31 56 57 58 59 60],[9 9 9 9 9 9 9 9 9 9 9 9 9 9 9 9],16,60,13,28,13,26,18,26,18,['2' '8' '2' '2' '10' '3' '2' '3' '2' '3' '2' '2'],2022-09-30 11:41:10,29.672083333333333
1.32,30Sep_100608,[12 13 14 15 24 25 26 27 28 29 30 31 56 57 58 59],[9 9 9 9 9 9 9 9 9 9 9 9 9 9 9 9],16,59,12,27,12,25,17,0,0,['4' '11' '5' '4' '12' '5' '5' '5' '12' '5' '5' '5'],2022-09-30 11:56:14,31.894416666666665
1.08,30Sep_100608,[15 24 25 26 27 28 29 30 31 56 57 58 59 60 61],[9 9 9 9 9 9 9 9 9 9 9 9 9 9 9],15,61,15,29,15,28,20,28,20,['4' '11' '5' '4' '12' '5' '5' '5' '12' '5' '5' '5'],2022-09-30 11:59:10,32.327083333333334
1.2,30Sep_100608,[13 14 15 24 25 26 27 28 29 30 31 56 57 58 59 60],[9 9 9 9 9 9 9 9 9 9 9 9 9 9 9 9],16,60,13,28,13,26,18,26,18,['4' '11' '5' '4' '12' '5' '5' '5' '12' '5' '5' '5'],2022-09-30 12:13:02,34.372416666666666
1.32,30Sep_102036,[12 13 14 15 24 25 26 27 28 29 30 31 56 57 58 59],[9 9 9 9 9 9 9 9 9 9 9 9 9 9 9 9],16,59,12,27,12,25,17,0,0,['2' '9' '2' '2' '2' '11' '2' '3' '2' '3' '2' '2'],2022-09-30 12:28:24,36.638999999999996
1.08,30Sep_102036,[15 24 25 26 27 28 29 30 31 56 57 58 59 60 61],[9 9 9 9 9 9 9 9 9 9 9 9 9 9 9],15,61,15,29,15,28,20,28,20,['2' '9' '2' '2' '2' '11' '2' '3' '2' '3' '2' '2'],2022-09-30 12:31:20,37.071666666666665
1.2,30Sep_102036,[13 14 15 24 25 26 27 28 29 30 31 56 57 58 59 60 61],[9 9 9 9 9 9 9 9 9 9 9 9 9 9 9 9 9],17,61,13,29,13,26,18,26,18,['2' '9' '2' '2' '2' '11' '2' '3' '2' '3' '2' '2'],2022-09-30 12:45:12,39.117
1.32,30Sep_103734,[12 13 14 15 24 25 26 27 28 29 30 31 56 57 58 59],[9 9 9 9 9 9 9 9 9 9 9 9 9 9 9 9],16,59,12,27,12,25,17,0,0,['4' '11' '5' '4' '4' '5' '5' '6' '12' '5' '5' '5'],2022-09-30 13:00:45,41.410624999999996
1.08,30Sep_103734,[15 24 25 26 27 28 29 30 31 56 57 58 59 60 61 62],[9 9 9 9 9 9 9 9 9 9 9 9 9 9 9 9],16,62,15,30,15,28,20,28,20,['4' '11' '5' '4' '4' '5' '5' '6' '12' '5' '5' '5'],2022-09-30 13:03:41,41.843291666666666
1.2,30Sep_103734,[13 14 15 24 25 26 27 28 29 30 31 56 57 58 59 60 61],[9 9 9 9 9 9 9 9 9 9 9 9 9 9 9 9 9],17,61,13,29,13,26,18,26,18,['4' '11' '5' '4' '4' '5' '5' '6' '12' '5' '5' '5'],2022-09-30 13:17:43,43.91320833333334
1.32,30Sep_105154,[12 13 14 15 24 25 26 27 28 29 30 31 56 57 58 59],[9 9 9 9 9 9 9 9 9 9 9 9 9 9 9 9 7],16,59,12,27,12,25,17,0,0,['2' '9' '10' '2' '2' '11' '2' '3' '2' '3' '2' '2'],2022-09-30 13:33:17,46.209291666666665
1.08,30Sep_105154,[15 24 25 26 27 28 29 30 31 56 57 58 59 60 61 62],[9 9 9 9 9 9 9 9 9 9 9 9 9 9 9 9],16,62,15,30,15,28,20,28,20,['2' '9' '10' '2' '2' '11' '2' '3' '2' '3' '2' '2'],2022-09-30 13:36:23,46.66654166666667
1.2,30Sep_105154,[13 14 15 24 25 26 27 28 29 30 31 56 57 58 59 60 61],[9 9 9 9 9 9 9 9 9 9 9 9 9 9 9 9 9],17,61,13,29,13,26,18,26,18,['2' '9' '10' '2' '2' '11' '2' '3' '2' '3' '2' '2'],2022-09-30 13:50:25,48.73645833333333
1.32,30Sep_110901,[12 13 14 15 24 25 26 27 28 29 30 31 56 57 58 59 60],[9 9 9 9 9 9 9 9 9 9 9 9 9 9 9 9 9],17,60,12,28,12,25,17,0,0,['4' '11' '5' '5' '4' '6' '5' '6' '4' '5' '5' '5'],2022-09-30 14:06:03,51.042375
1.08,30Sep_110901,[15 24 25 26 27 28 29 30 31 56 57 58 59 60 61 62],[9 9 9 9 9 9 9 9 9 9 9 9 9 9 9 9],16,62,15,30,15,28,20,28,20,['4' '11' '5' '5' '4' '6' '5' '6' '4' '5' '5' '5'],2022-09-30 14:09:09,51.499625
1.2,30Sep_110901,[14 15 24 25 26 27 28 29 30 31 56 57 58 59 60 61],[9 9 9 9 9 9 9 9 9 9 9 9 9 9 9 9],16,61,14,29,14,27,19,27,19,['4' '11' '5' '5' '4' '6' '5' '6' '4' '5' '5' '5'],2022-09-30 14:23:11,53.569541666666666
1.32,30Sep_112356,[12 13 14 15 24 25 26 27 28 29 30 31 56 57 58 59 60],[9 9 9 9 9 9 9 9 9 9 9 9 9 9 9 9 9],17,60,12,28,12,25,17,0,0,['2' '9' '2' '2' '2' '11' '3' '3' '2' '3' '2' '3'],2022-09-30 14:37:13,55.63945833333333
1.08,30Sep_112356,[15 24 25 26 27 28 29 30 31 56 57 58 59 60 61 62],[9 9 9 9 9 9 9 9 9 9 9 9 9 9 9 9],16,62,15,30,15,28,20,28,20,['2' '9' '2' '2' '2' '11' '3' '3' '2' '3' '2' '3'],2022-09-30 14:40:19,56.096708333333325
1.2,30Sep_112356,[14 15 24 25 26 27 28 29 30 31 56 57 58 59 60 61],[9 9 9 9 9 9 9 9 9 9 9 9 9 9 9 9],16,61,14,29,14,27,19,27,19,['2' '9' '2' '2' '2' '11' '3' '3' '2' '3' '2' '3'],2022-09-30 14:54:21,58.166624999999996
1.32,30Sep_114054,[12 13 14 15 24 25 26 27 28 29 30 31 56 57 58 59 60],[9 9 9 9 9 9 9 9 9 9 9 9 9 9 9 9 9],17,60,12,28,12,25,17,0,0,['4' '11' '5' '5' '5' '5' '5' '5' '5' '5' '5' '5'],2022-09-30 15:08:40,60.27833333333333
1.08,30Sep_114054,[15 24 25 26 27 28 29 30 31 56 57 58 59 60 61 62],[7 9 9 9 9 9 9 9 9 9 9 9 9 9 9 9 9],16,62,15,30,15,28,20,27,19,['4' '11' '5' '5' '5' '5' '5' '5' '5' '5' '5' '5'],2022-09-30 15:11:47,60.73804166666666
1.2,30Sep_114054,[14 15 24 25 26 27 28 29 30 31 56 57 58 59 60 61],[9 9 9 9 9 9 9 9 9 9 9 9 9 9 9 9],16,61,14,29,14,27,19,27,19,['4' '11' '5' '5' '5' '5' '5' '5' '5' '5' '5' '5'],2022-09-30 15:25:59,62.832541666666664
1.2,30Sep_154954,[14 15 24 25 26 27 28 29 30 31 56 57 58 59 60 61],[9 9 9 9 9 9 9 9 9 9 9 9 9 9 9 9],16,61,14,29,14,27,19,27,19,[ 5  3  5  5  5  6 12  6  5  6  5  5],2022-09-30 15:50:11,66.40204166666666
1.32,30Sep_162022,[12 13 14 15 24 25 26 27 28 29 30 31 56 57 58 59 60],[9 9 9 9 9 9 9 9 9 9 9 9 9 9 9 9 9],17,60,12,28,12,25,17,25,17,[ 9  8  2  9  2 10  2  2  9  2  2  2],2022-09-30 16:20:39,70.895875
1.08,30Sep_162952,[15 24 25 26 27 28 29 30 31 56 57 58 59 60 61 62],[9 9 9 9 9 9 9 9 9 9 9 9 9 9 9 9],16,62,15,30,15,28,20,28,20,[ 2  9 11  3 11  3  3 12  3  3  3  3],2022-09-30 16:30:17,72.31679166666666
1.2,30Sep_163846,[14 15 24 25 26 27 28 29 30 31 56 57 58 59 60 61],[9 9 9 9 9 9 9 9 9 9 9 9 9 9 9 9],16,61,14,29,14,27,19,27,19,[ 5  4 12  5  5  6 12  6  5  6  5  5],2022-09-30 16:39:02,73.60741666666667
1.32,30Sep_165408,[12 13 14 15 24 25 26 27 28 29 30 31 56 57 58 59 60],[9 9 9 9 9 9 9 9 9 9 9 9 9 9 9 9 9],17,60,12,28,12,25,17,25,17,[ 9  8  2  9  2 10  2  2  9  2  9 10],2022-09-30 16:54:25,75.87645833333333
1.08,30Sep_170338,[15 24 25 26 27 28 29 30 31 56 57 58 59 60 61 62],[9 9 9 9 9 9 9 9 9 9 9 9 9 9 9 9],16,62,15,30,15,28,20,28,20,[ 2  9 11 11 11 12  3 12 11  3  3  3],2022-09-30 17:04:02,77.29491666666665
1.2,30Sep_171232,[14 15 24 25 26 27 28 29 30 31 56 57 58 59 60 61],[7 9 9 9 9 9 9 9 9 9 9 9 9 9 9 9 9],16,61,14,29,14,27,19,26,18,[ 5  3 12  5 12  6  5  6  5  6  5  5],2022-09-30 17:12:48,78.58800000000001
1.32,30Sep_172803,[12 13 14 15 24 25 26 27 28 29 30 31 56 57 58 59 60],[7 9 9 9 9 9 9 9 9 9 9 9 9 9 9 9 9 9],17,60,12,28,12,25,17,25,17,[ 9  8  2  9  2  2  2  2  9  2 10 10],2022-09-30 17:28:19,80.87670833333333
1.08,30Sep_173743,[15 24 25 26 27 28 29 30 31 56 57 58 59 60 61 62],[9 9 9 9 9 9 9 9 9 9 9 9 9 9 9 9],16,62,15,30,15,28,20,28,20,[ 3 10 11 11 11 12  3 12  3  3  3  3],2022-09-30 17:38:07,82.32220833333334
1.2,30Sep_174637,[14 15 24 25 26 27 28 29 30 31 56 57 58 59 60 61],[9 9 9 9 9 9 9 9 9 9 9 9 9 9 9 9],16,61,14,29,14,27,19,27,19,[ 5  4  5  5 12  6  5  6  5  6  5  5],2022-09-30 17:46:53,83.61529166666666
1.32,30Sep_180038,[12 13 14 15 24 25 26 27 28 29 30 31 56 57 58 59 60],[9 9 9 9 9 9 9 9 9 9 9 9 9 9 9 9 9],17,60,12,28,12,25,17,25,17,[ 9  8  2  2  2  2  2  2  9  2  2 10],2022-09-30 18:00:54,85.68275
1.08,30Sep_181008,[15 24 25 26 27 28 29 30 31 56 57 58 59 60 61 62 63],[9 9 9 9 9 9 9 9 9 9 9 9 9 9 9 9 9],17,63,15,31,15,28,20,28,20,[ 3 10 11 11  3 12  3 12  3 11  3  3],2022-09-30 18:10:32,87.10366666666667
1.2,30Sep_181911,[14 15 24 25 26 27 28 29 30 31 56 57 58 59 60 61],[9 9 9 9 9 9 9 9 9 9 9 9 9 9 9 9],16,61,14,29,14,27,19,27,19,[ 5  4  5  5 12  6  5  6  5  6  5  5],2022-09-30 18:19:28,88.42133333333334
1.32,30Sep_183331,[13 14 15 24 25 26 27 28 29 30 31 56 57 58 59 60],[9 9 9 9 9 9 9 9 9 9 9 9 9 9 9 9],16,60,13,28,13,26,18,26,18,[10  8  2  2  2  2  2  2  9  2 10 10],2022-09-30 18:33:47,90.53304166666666
1.08,30Sep_184214,[15 24 25 26 27 28 29 30 31 56 57 58 59 60 61 62 63],[9 9 9 9 9 9 9 9 9 9 9 9 9 9 9 9 9],17,63,15,31,15,28,20,28,20,[11 10 11 11 11 12  3  4  3 11  3  3],2022-09-30 18:42:31,91.82120833333332
1.2,30Sep_185110,[14 15 24 25 26 27 28 29 30 31 56 57 58 59 60 61],[9 9 9 9 9 9 9 9 9 9 9 9 9 9 9 9],16,61,14,29,14,27,19,27,19,[ 5  4  5  5 12  6  5  6  5  6  5  5],2022-09-30 18:51:27,93.13887499999998
1.32,30Sep_190529,[13 14 15 24 25 26 27 28 29 30 31 56 57 58 59 60],[9 9 9 9 9 9 9 9 9 9 9 9 9 9 9 9],16,60,13,28,13,26,18,26,18,[ 9  8  2  9  2  2  2  2  9  2 10 10],2022-09-30 19:05:46,95.25058333333334
1.08,30Sep_191449,[15 24 25 26 27 28 29 30 31 56 57 58 59 60 61 62 63],[9 9 9 9 9 9 9 9 9 9 9 9 9 9 9 9 9],17,63,15,31,15,28,20,28,20,[11 10 11 11  3 12 11  4  3 12  3  3],2022-09-30 19:15:13,96.64445833333333
1.2,30Sep_192353,[14 15 24 25 26 27 28 29 30 31 56 57 58 59 60 61],[9 9 9 9 9 9 9 9 9 9 9 9 9 9 9 9],16,61,14,29,14,27,19,27,19,[ 5  4  5  5 12  6  5  6  5  6  5  5],2022-09-30 19:24:09,97.96212499999999
1.32,30Sep_193821,[13 14 15 24 25 26 27 28 29 30 31 56 57 58 59 60 61],[9 9 9 9 9 9 9 9 9 9 9 9 9 9 9 9 9],17,61,13,29,13,26,18,26,18,[10  8 10  9  2  2  2 10  9  2 10 10],2022-09-30 19:38:37,100.09595833333333
1.08,30Sep_194750,[15 24 25 26 27 28 29 30 31 56 57 58 59 60 61 62 63],[9 9 9 9 9 9 9 9 9 9 9 9 9 9 9 9 9],17,63,15,31,15,28,20,28,20,[11 10 11 11  3 12  3  4  3  4  3  3],2022-09-30 19:48:15,101.516875
1.2,30Sep_195654,[14 15 24 25 26 27 28 29 30 31 56 57 58 59 60 61],[9 9 9 9 9 9 9 9 9 9 9 9 9 9 9 9],16,61,14,29,14,27,19,27,19,[5 4 5 5 5 6 5 6 5 6 5 5],2022-09-30 19:57:10,102.83208333333332
1.32,30Sep_201056,[13 14 15 24 25 26 27 28 29 30 31 56 57 58 59 60 61],[9 9 9 9 9 9 9 9 9 9 9 9 9 9 9 9 9],17,61,13,29,13,26,18,26,18,[10  8  2  2  2  2  2 10  9  2 10 10],2022-09-30 20:11:12,104.902
1.08,30Sep_201953,[15 24 25 26 27 28 29 30 31 56 57 58 59 60 61 62 63],[9 9 9 9 9 9 9 9 9 9 9 9 9 9 9 9 9],17,63,15,31,15,28,20,28,20,[11 10 11 11  3  4 11  4  3 12  3  4],2022-09-30 20:20:10,106.22458333333333
1.2,30Sep_202849,[14 15 24 25 26 27 28 29 30 31 56 57 58 59 60 61 62],[9 9 9 9 9 9 9 9 9 9 9 9 9 9 9 9 9],17,62,14,30,14,27,19,27,19,[5 4 5 5 5 6 5 6 5 6 5 5],2022-09-30 20:29:05,107.53979166666666
1.32,30Sep_204300,[13 14 15 24 25 26 27 28 29 30 31 56 57 58 59 60 61],[9 9 9 9 9 9 9 9 9 9 9 9 9 9 9 9 9],17,61,13,29,13,26,18,26,18,[10  8 10  2  2  2  2  2  9  2 10 10],2022-09-30 20:43:17,109.63429166666666
1.08,30Sep_205154,[24 25 26 27 28 29 30 31 56 57 58 59 60 61 62 63],[9 9 9 9 9 9 9 9 9 9 9 9 9 9 9 9],16,63,24,31,16,29,21,29,21,[11 10 11 11 11  4 11  4  3 11  3  4],2022-09-30 20:52:10,110.94458333333333
1.2,30Sep_210040,[14 15 24 25 26 27 28 29 30 31 56 57 58 59 60 61 62],[9 9 9 9 9 9 9 9 9 9 9 9 9 9 9 9 9],17,62,14,30,14,27,19,27,19,[5 4 5 5 5 6 5 6 5 6 5 6],2022-09-30 21:00:56,112.23766666666667
1.32,30Sep_211451,[13 14 15 24 25 26 27 28 29 30 31 56 57 58 59 60 61],[9 9 9 9 9 9 9 9 9 9 9 9 9 9 9 9 9],17,61,13,29,13,26,18,26,18,[10  8 10  2  2  2  2  2  9  2 10 10],2022-09-30 21:15:07,114.32970833333333
1.08,30Sep_212344,[24 25 26 27 28 29 30 31 56 57 58 59 60 61 62 63],[7 9 9 9 9 9 9 9 9 9 9 9 9 9 9 9 9],16,63,24,31,16,29,21,28,20,[11 10  3  3  3  4 12  4  3 12  3  4],2022-09-30 21:24:01,115.64245833333334
1.2,30Sep_213240,[14 15 24 25 26 27 28 29 30 31 56 57 58 59 60 61 62],[9 9 9 9 9 9 9 9 9 9 9 9 9 9 9 9 9],17,62,14,30,14,27,19,27,19,[ 5 11  5  5  5  6  5  6  5  6  5  6],2022-09-30 21:32:56,116.95766666666667
1.32,30Sep_214718,[13 14 15 24 25 26 27 28 29 30 31 56 57 58 59 60 61],[9 9 9 9 9 9 9 9 9 9 9 9 9 9 9 9 9],17,61,13,29,13,26,18,26,18,[10  8 10  2  2  2 10  3  9  2 10 10],2022-09-30 21:47:34,119.11608333333334
1.08,30Sep_215611,[24 25 26 27 28 29 30 31 56 57 58 59 60 61 62 63],[9 9 9 9 9 9 9 9 9 9 9 9 9 9 9 9],16,63,24,31,16,29,21,29,21,[11 10 11 11  3  4 11  4  3 12  3 11],2022-09-30 21:56:28,120.42883333333333
1.2,30Sep_222023,[14 15 24 25 26 27 28 29 30 31 56 57 58 59 60 61 62],[9 9 9 9 9 9 9 9 9 9 9 9 9 9 9 9 9],17,62,14,30,14,27,19,27,19,[ 5 11  5  5  5  6  6  6  5  6  5  6],2022-09-30 22:20:39,123.995875
1.32,30Sep_223518,[13 14 15 24 25 26 27 28 29 30 31 56 57 58 59 60 61],[9 9 9 9 9 9 9 9 9 9 9 9 9 9 9 9 9],17,61,13,29,13,26,18,26,18,[10  8  2  2  2  2 10  3  2  2  2 10],2022-09-30 22:35:35,126.19854166666667
1.08,30Sep_224412,[24 25 26 27 28 29 30 31 56 57 58 59 60 61 62 63],[9 9 9 9 9 9 9 9 9 9 9 9 9 9 9 9],16,63,24,31,16,29,21,29,21,[11 10 11 11  3  4 12  4  3 12  3  4],2022-09-30 22:44:28,127.50883333333333
1.2,30Sep_225257,[14 15 24 25 26 27 28 29 30 31 56 57 58 59 60 61 62],[9 9 9 9 9 9 9 9 9 9 9 9 9 9 9 9 9],17,62,14,30,14,27,19,27,19,[ 5 12  5  5  5  6  6  6  5  6  6  6],2022-09-30 22:53:14,128.80191666666667
1.32,30Sep_230709,[13 14 15 24 25 26 27 28 29 30 31 56 57 58 59 60 61],[9 9 9 9 9 9 9 9 9 9 9 9 9 9 9 9 9],17,61,13,29,13,26,18,26,18,[10  8  2  2  9  3 10  3  2  2 10 10],2022-09-30 23:07:25,130.89395833333333
1.08,30Sep_231602,[24 25 26 27 28 29 30 31 56 57 58 59 60 61 62 63],[9 9 9 9 9 9 9 9 9 9 9 9 9 9 9 9],16,63,24,31,16,29,21,29,21,[12 10  3  3  3  4 12  4  3 12  3 11],2022-09-30 23:16:19,132.20670833333332
1.2,30Sep_232448,[14 15 24 25 26 27 28 29 30 31 56 57 58 59 60 61 62],[9 9 9 9 9 9 9 9 9 9 9 9 9 9 9 9 9],17,62,14,30,14,27,19,27,19,[ 5 12  5  5  5  6  6  6  5  6  5  6],2022-09-30 23:25:04,133.49733333333333
1.32,30Sep_233859,[13 14 15 24 25 26 27 28 29 30 31 56 57 58 59 60 61],[9 9 9 9 9 9 9 9 9 9 9 9 9 9 9 9 9],17,61,13,29,13,26,18,26,18,[ 2  8  2  2  2  3 10  3  2  2 10 10],2022-09-30 23:39:16,135.59183333333334
1.08,30Sep_234752,[24 25 26 27 28 29 30 31 56 57 58 59 60 61 62 63],[9 9 9 9 9 9 9 9 9 9 9 9 9 9 9 9],16,63,24,31,16,29,21,29,21,[12 10  3  3  3  4 12  4  3 12  3 11],2022-09-30 23:48:09,136.90212499999998
1.2,30Sep_235638,[14 15 24 25 26 27 28 29 30 31 56 57 58 59 60 61 62],[9 9 9 9 9 9 9 9 9 9 9 9 9 9 9 9 9],17,62,14,30,14,27,19,27,19,[ 5 12  6  5  5  6  6  6  5  6  5  6],2022-09-30 23:56:55,138.1952083333333
1.32,01Oct_001050,[13 14 15 24 25 26 27 28 29 30 31 56 57 58 59 60 61],[9 9 9 9 9 9 9 9 9 9 9 9 9 9 9 9 9],17,61,13,29,13,26,18,26,18,[10  8 10  2  9  3 10  3 10  2 10 10],2022-10-01 00:11:06,140.28725
1.08,01Oct_001943,[24 25 26 27 28 29 30 31 56 57 58 59 60 61 62 63],[9 9 9 9 9 9 9 9 9 9 9 9 9 9 9 9],16,63,24,31,16,29,21,29,21,[ 3  2  3  3  3  4 12  5  3 12  3 12],2022-10-01 00:19:59,141.59754166666667
1.2,01Oct_002828,[14 15 24 25 26 27 28 29 30 31 56 57 58 59 60 61 62],[9 9 9 9 9 9 9 9 9 9 9 9 9 9 9 9 9],17,62,14,30,14,27,19,27,19,[ 5 12  6  5  5  6  6  6  5  6  5  6],2022-10-01 00:28:45,142.89062499999997
1.32,01Oct_004240,[13 14 15 24 25 26 27 28 29 30 31 56 57 58 59 60 61],[9 9 9 9 9 9 9 9 9 9 9 9 9 9 9 9 9],17,61,13,29,13,26,18,26,18,[10  8 10 10 10  3 10  3 10  2 10 10],2022-10-01 00:42:56,144.98266666666666
1.08,01Oct_005133,[24 25 26 27 28 29 30 31 56 57 58 59 60 61 62 63],[9 9 9 9 9 9 9 9 9 9 9 9 9 9 9 9],16,63,24,31,16,29,21,29,21,[ 3  2  4  4  3  4 12  5  3  4  3 12],2022-10-01 00:51:50,146.29541666666665
1.2,01Oct_010019,[14 15 24 25 26 27 28 29 30 31 56 57 58 59 60 61 62],[9 9 9 9 9 9 9 9 9 9 9 9 9 9 9 9 9],17,62,14,30,14,27,19,27,19,[ 5 12  6  5  5  6  6  6  5  6  5  6],2022-10-01 01:00:35,147.58604166666666
1.32,01Oct_011431,[13 14 15 24 25 26 27 28 29 30 31 56 57 58 59 60 61],[9 9 9 9 9 9 9 9 9 9 9 9 9 9 9 9 9],17,61,13,29,13,26,18,26,18,[10  8 10  2 10  3 10  3 10  2 10 10],2022-10-01 01:14:47,149.68054166666667
1.08,01Oct_012324,[24 25 26 27 28 29 30 31 56 57 58 59 60 61 62 63],[9 9 9 9 9 9 9 9 9 9 9 9 9 9 9 9],16,63,24,31,16,29,21,29,21,[ 3  2  4  4 12  4 12  5  3  4  3 12],2022-10-01 01:23:40,150.9908333333333
1.2,01Oct_013210,[14 15 24 25 26 27 28 29 30 31 56 57 58 59 60 61 62],[9 9 9 9 9 9 9 9 9 9 9 9 9 9 9 9 9],17,62,14,30,14,27,19,27,19,[ 5 12  6  5  5  6  6  6  5  6  6  6],2022-10-01 01:32:26,152.28391666666664
1.32,01Oct_014648,[13 14 15 24 25 26 27 28 29 30 31 56 57 58 59 60 61],[9 9 9 9 9 9 9 9 9 9 9 9 9 9 9 9 9],17,61,13,29,13,26,18,26,18,[ 2  8 10  2 10  3 10  3  9  2 10 10],2022-10-01 01:47:04,154.44233333333332
1.08,01Oct_015541,[24 25 26 27 28 29 30 31 56 57 58 59 60 61 62 63],[9 9 9 9 9 9 9 9 9 9 9 9 9 9 9 9],16,63,24,31,16,29,21,29,21,[ 3  2  4  4 11  4 12  5  3  4 11 12],2022-10-01 01:55:58,155.75508333333332
1.2,01Oct_020427,[14 15 24 25 26 27 28 29 30 31 56 57 58 59 60 61 62],[9 9 9 9 9 9 9 9 9 9 9 9 9 9 9 9 9],17,62,14,30,14,27,19,27,19,[ 5 12  6  5  6  6  6  6  5  6  5  6],2022-10-01 02:04:44,157.04816666666665
1.32,01Oct_021932,[13 14 15 24 25 26 27 28 29 30 31 56 57 58 59 60 61],[9 9 9 9 9 9 9 9 9 9 9 9 9 9 9 9 9],17,61,13,29,13,26,18,26,18,[ 2  8 10  2 10  3 10  3  2  2  2 10],2022-10-01 02:19:48,159.2705
1.08,01Oct_022825,[24 25 26 27 28 29 30 31 56 57 58 59 60 61 62 63],[9 9 9 9 9 9 9 9 9 9 9 9 9 9 9 9],16,63,24,31,16,29,21,29,21,[ 4  2  4  4 12  5  4  5  3  4 11 12],2022-10-01 02:28:42,160.58325
1.2,01Oct_023711,[14 15 24 25 26 27 28 29 30 31 56 57 58 59 60 61 62],[9 9 9 9 9 9 9 9 9 9 9 9 9 9 9 9 9],17,62,14,30,14,27,19,27,19,[ 5 12  6  5  6  6  6  6  5  6  6  6],2022-10-01 02:37:27,161.87387499999997
1.32,01Oct_025224,[13 14 15 24 25 26 27 28 29 30 31 56 57 58 59 60 61],[9 9 9 9 9 9 9 9 9 9 9 9 9 9 9 9 9],17,61,13,29,13,26,18,26,18,[ 2  8 10 10  9  3 10  3 10  2 10 10],2022-10-01 02:52:41,164.12079166666666
1.08,01Oct_030136,[24 25 26 27 28 29 30 31 56 57 58 59 60 61 62 63],[9 9 9 9 9 9 9 9 9 9 9 9 9 9 9 9],16,63,24,31,16,29,21,29,21,[ 4  2  4  4 12  5  4  5  3  4  4 12],2022-10-01 03:01:52,165.4753333333333
1.2,01Oct_031021,[14 15 24 25 26 27 28 29 30 31 56 57 58 59 60 61 62],[9 9 9 9 9 9 9 9 9 9 9 9 9 9 9 9 9 7],17,62,14,30,14,27,19,28,20,[ 6 12  6  6  6  6  6  7  5  6  6  6],2022-10-01 03:10:38,166.76841666666664
1.32,01Oct_032443,[13 14 15 24 25 26 27 28 29 30 31 56 57 58 59 60 61],[9 9 9 9 9 9 9 9 9 9 9 9 9 9 9 9 9],17,61,13,29,13,26,18,26,18,[ 2  8 10 10 10  3 10  3  2  2 10 10],2022-10-01 03:24:59,168.88504166666667
1.08,01Oct_033336,[24 25 26 27 28 29 30 31 56 57 58 59 60 61 62 63],[9 9 9 9 9 9 9 9 9 9 9 9 9 9 9 9],16,63,24,31,16,29,21,29,21,[ 3  2 12  4 12  5  4  5  3  4  4 12],2022-10-01 03:33:53,170.19779166666666
1.2,01Oct_034222,[14 15 24 25 26 27 28 29 30 31 56 57 58 59 60 61 62],[9 9 9 9 9 9 9 9 9 9 9 9 9 9 9 9 9],17,62,14,30,14,27,19,27,19,[ 5 12  6  5  6  6  6  7  5  6  5  6],2022-10-01 03:42:38,171.48841666666667
1.32,01Oct_035736,[13 14 15 24 25 26 27 28 29 30 31 56 57 58 59 60 61],[9 9 9 9 9 9 9 9 9 9 9 9 9 9 9 9 9],17,61,13,29,13,26,18,26,18,[ 2  8 10 10 10  3 10  3  2  2 10 10],2022-10-01 03:57:52,173.73533333333333
1.08,01Oct_042205,[24 25 26 27 28 29 30 31 56 57 58 59 60 61 62 63],[9 9 9 9 9 9 9 9 9 9 9 9 9 9 9 9],16,63,24,31,16,29,21,29,21,[ 4  2  4  4 12  5  4  5  4  4  4  4],2022-10-01 04:22:22,177.34908333333334
1.2,01Oct_043051,[14 15 24 25 26 27 28 29 30 31 56 57 58 59 60 61 62],[9 9 9 9 9 9 9 9 9 9 9 9 9 9 9 9 9],17,62,14,30,14,27,19,27,19,[ 6 12  6  6  6  6  6  7  6  6  6  6],2022-10-01 04:31:07,178.63970833333332
1.32,01Oct_044502,[13 14 15 24 25 26 27 28 29 30 31 56 57 58 59 60 61],[9 9 9 9 9 9 9 9 9 9 9 9 9 9 9 9 9],17,61,13,29,13,26,18,26,18,[ 2  8 10  2 10  3 10  3 10  3 10 10],2022-10-01 04:45:19,180.73420833333333
1.08,01Oct_045356,[24 25 26 27 28 29 30 31 56 57 58 59 60 61 62 63],[9 9 9 9 9 9 9 9 9 9 9 9 9 9 9 9],16,63,24,31,16,29,21,29,21,[ 4  2  4  4 12  5  4  5  4  4  4  4],2022-10-01 04:54:12,182.0445
1.2,01Oct_050242,[14 15 24 25 26 27 28 29 30 31 56 57 58 59 60 61 62],[9 9 9 9 9 9 9 9 9 9 9 9 9 9 9 9 9],17,62,14,30,14,27,19,27,19,[ 5 12  6  6  6  6  6  6  6  6  6  6],2022-10-01 05:02:58,183.33758333333333
1.32,01Oct_051814,[13 14 15 24 25 26 27 28 29 30 31 56 57 58 59 60 61],[9 9 9 9 9 9 9 9 9 9 9 9 9 9 9 9 9],17,61,13,29,13,26,18,26,18,[ 2  8 10 10 10  3 10  3 10  3  2 10],2022-10-01 05:18:31,185.63120833333332
1.08,01Oct_052708,[24 25 26 27 28 29 30 31 56 57 58 59 60 61 62 63],[9 9 9 9 9 9 9 9 9 9 9 9 9 9 9 9],16,63,24,31,16,29,21,29,21,[4 2 4 4 4 5 4 5 4 5 4 4],2022-10-01 05:27:24,186.94150000000002
1.2,01Oct_053554,[14 15 24 25 26 27 28 29 30 31 56 57 58 59 60 61 62 63],[9 9 9 9 9 9 9 9 9 9 9 9 9 9 9 9 9 9],18,63,14,31,14,28,20,28,20,[ 6 12  6  6  6  6  6  7  6  6  6  6],2022-10-01 05:36:10,188.23458333333335
1.32,01Oct_055015,[13 14 15 24 25 26 27 28 29 30 31 56 57 58 59 60 61],[9 9 9 9 9 9 9 9 9 9 9 9 9 9 9 9 9],17,61,13,29,13,26,18,26,18,[ 2  8 10  2 10  3 10  3  2  3  2 10],2022-10-01 05:50:31,190.35120833333332
1.08,01Oct_055908,[24 25 26 27 28 29 30 31 56 57 58 59 60 61 62 63],[9 9 9 9 9 9 9 9 9 9 9 9 9 9 9 9],16,63,24,31,16,29,21,29,21,[4 2 4 4 4 5 4 5 4 5 4 4],2022-10-01 05:59:25,191.66395833333334
1.2,01Oct_060754,[14 15 24 25 26 27 28 29 30 31 56 57 58 59 60 61 62 63],[9 9 9 9 9 9 9 9 9 9 9 9 9 9 9 9 9 9],18,63,14,31,14,28,20,28,20,[ 6 12  6  6  6  6  6  7  6  6  6  6],2022-10-01 06:08:10,192.95458333333332
1.32,01Oct_062215,[13 14 15 24 25 26 27 28 29 30 31 56 57 58 59 60 61],[9 9 9 9 9 9 9 9 9 9 9 9 9 9 9 9 9],17,61,13,29,13,26,18,26,18,[ 2  8 10 10 10  3 10  3 10  3 10 10],2022-10-01 06:22:32,195.07366666666667
1.08,01Oct_063109,[24 25 26 27 28 29 30 31 56 57 58 59 60 61 62 63],[9 9 9 9 9 9 9 9 9 9 9 9 9 9 9 9],16,63,24,31,16,29,21,29,21,[4 3 4 4 4 5 4 5 4 5 4 4],2022-10-01 06:31:25,196.3839583333333
1.2,01Oct_063954,[14 15 24 25 26 27 28 29 30 31 56 57 58 59 60 61 62 63],[9 9 9 9 9 9 9 9 9 9 9 9 9 9 9 9 9 9],18,63,14,31,14,28,20,28,20,[ 6 12  6  6  6  6  6  7  5  6  6  6],2022-10-01 06:40:11,197.67704166666664
1.32,01Oct_065416,[13 14 15 24 25 26 27 28 29 30 31 56 57 58 59 60 61],[9 9 9 9 9 9 9 9 9 9 9 9 9 9 9 9 9],17,61,13,29,13,26,18,26,18,[ 2  8 10 10 10  3 10  3 10  3 10 10],2022-10-01 06:54:32,199.79366666666667
1.08,01Oct_070309,[24 25 26 27 28 29 30 31 56 57 58 59 60 61 62 63],[9 9 9 9 9 9 9 9 9 9 9 9 9 9 9 9],16,63,24,31,16,29,21,29,21,[4 3 4 4 4 5 4 5 4 4 4 4],2022-10-01 07:03:26,201.10641666666666
1.2,01Oct_071155,[14 15 24 25 26 27 28 29 30 31 56 57 58 59 60 61 62 63],[9 9 9 9 9 9 9 9 9 9 9 9 9 9 9 9 9 9],18,63,14,31,14,28,20,28,20,[ 6 12  6  6  6  6  6  7  6  6  6  6],2022-10-01 07:12:11,202.39704166666667
1.32,01Oct_072617,[13 14 15 24 25 26 27 28 29 30 31 56 57 58 59 60 61],[9 9 9 9 9 9 9 9 9 9 9 9 9 9 9 9 9],17,61,13,29,13,26,18,26,18,[ 2  8 10 10 10  3 10 11 10  3 10 10],2022-10-01 07:26:33,204.516125
1.08,01Oct_073510,[24 25 26 27 28 29 30 31 56 57 58 59 60 61 62 63],[9 9 9 9 9 9 9 9 9 9 9 9 9 9 9 9],16,63,24,31,16,29,21,29,21,[12  3  4  4  4  5  4  5  4  5  4  4],2022-10-01 07:35:27,205.82887499999998
1.2,01Oct_074356,[14 15 24 25 26 27 28 29 30 31 56 57 58 59 60 61 62 63],[9 9 9 9 9 9 9 9 9 9 9 9 9 9 9 9 9 9],18,63,14,31,14,28,20,28,20,[ 6 12  6  6  6  6  6  7  6  6  6  6],2022-10-01 07:44:13,207.12195833333334
1.32,01Oct_075818,[13 14 15 24 25 26 27 28 29 30 31 56 57 58 59 60 61],[9 9 9 9 9 9 9 9 9 9 9 9 9 9 9 9 9],17,61,13,29,13,26,18,26,18,[ 2  8 10 10 10  3 10 11 10  3 10 10],2022-10-01 07:58:34,209.2385833333333
1.08,01Oct_080712,[24 25 26 27 28 29 30 31 56 57 58 59 60 61 62 63],[9 9 9 9 9 9 9 9 9 9 9 9 9 9 9 9],16,63,24,31,16,29,21,29,21,[12  3  4  4  4  5  5  5  4  5  4  4],2022-10-01 08:07:28,210.55133333333333
1.2,01Oct_081557,[14 15 24 25 26 27 28 29 30 31 56 57 58 59 60 61 62 63],[9 9 9 9 9 9 9 9 9 9 9 9 9 9 9 9 9 9],18,63,14,31,14,28,20,28,20,[6 4 6 6 6 6 6 7 6 6 6 6],2022-10-01 08:16:14,211.84441666666666
1.32,01Oct_083019,[13 14 15 24 25 26 27 28 29 30 31 56 57 58 59 60 61 62],[9 9 9 9 9 9 9 9 9 9 9 9 9 9 9 9 9 9],18,62,13,30,13,27,19,27,19,[ 2  8 10 10 10  3 10  3 10  3 10 10],2022-10-01 08:30:36,213.96349999999998
1.08,01Oct_083923,[24 25 26 27 28 29 30 31 56 57 58 59 60 61 62 63],[9 9 9 9 9 9 9 9 9 9 9 9 9 9 9 9],16,63,24,31,16,29,21,29,21,[12  3  4  4  4  5  5  5 12  5  4  4],2022-10-01 08:39:39,215.298375
1.2,01Oct_084809,[14 15 24 25 26 27 28 29 30 31 56 57 58 59 60 61 62 63],[9 9 9 9 9 9 9 9 9 9 9 9 9 9 9 9 9 9],18,63,14,31,14,28,20,28,20,[6 4 6 6 6 7 6 7 6 7 6 6],2022-10-01 08:48:25,216.59145833333332
1.32,01Oct_090230,[13 14 15 24 25 26 27 28 29 30 31 56 57 58 59 60 61 62],[9 9 9 9 9 9 9 9 9 9 9 9 9 9 9 9 9 9],18,62,13,30,13,27,19,27,19,[ 2  8 10 10 10  3 10 11 10 11 10 10],2022-10-01 09:02:47,218.71054166666667
1.08,01Oct_091134,[24 25 26 27 28 29 30 31 56 57 58 59 60 61 62 63],[9 9 9 9 9 9 9 9 9 9 9 9 9 9 9 9],16,63,24,31,16,29,21,29,21,[12  3  4  4  4  5  5  5  4  5  4  4],2022-10-01 09:11:50,220.04541666666665
1.2,01Oct_092020,[15 24 25 26 27 28 29 30 31 56 57 58 59 60 61 62 63],[9 9 9 9 9 9 9 9 9 9 9 9 9 9 9 9 9],17,63,15,31,15,28,20,28,20,[6 4 6 6 6 7 6 7 6 6 6 6],2022-10-01 09:20:36,221.3385
1.32,01Oct_093431,[13 14 15 24 25 26 27 28 29 30 31 56 57 58 59 60 61 62],[9 9 9 9 9 9 9 9 9 9 9 9 9 9 9 9 9 9],18,62,13,30,13,27,19,27,19,[ 2  8 10 10 10  3  2 11 10  3 10  2],2022-10-01 09:34:48,223.433
1.08,01Oct_094335,[ 24  25  26  27  28  29  30  31  56  57  58  59  60  61  62  63 120],[9 9 9 9 9 9 9 9 9 9 9 9 9 9 9 9 9],17,120,24,32,16,29,21,29,21,[12  3  4  4  4  5  5  5  4  5  4  4],2022-10-01 09:43:52,224.7703333333333
1.2,01Oct_095231,[15 24 25 26 27 28 29 30 31 56 57 58 59 60 61 62 63],[9 9 9 9 9 9 9 9 9 9 9 9 9 9 9 9 9 7],17,63,15,31,15,28,20,29,21,[6 4 6 6 6 7 6 7 6 7 6 6],2022-10-01 09:52:48,226.088
1.32,01Oct_102252,[13 14 15 24 25 26 27 28 29 30 31 56 57 58 59 60 61 62],[9 9 9 9 9 9 9 9 9 9 9 9 9 9 9 9 9 9],18,62,13,30,13,27,19,27,19,[ 2  8 10  2 10  3  2 11  2  3 10  2],2022-10-01 10:23:08,230.56216666666666
1.08,01Oct_103156,[ 24  25  26  27  28  29  30  31  56  57  58  59  60  61  62  63 120],[9 9 9 9 9 9 9 9 9 9 9 9 9 9 9 9 9],17,120,24,32,16,29,21,29,21,[ 4 11  4  4  4  5  5  5  4  5  4  5],2022-10-01 10:32:12,231.8995
1.2,01Oct_104052,[15 24 25 26 27 28 29 30 31 56 57 58 59 60 61 62 63],[9 9 9 9 9 9 9 9 9 9 9 9 9 9 9 9 9],17,63,15,31,15,28,20,28,20,[6 4 6 6 6 7 6 7 6 7 6 6],2022-10-01 10:41:08,233.21716666666669
1.32,01Oct_105512,[14 15 24 25 26 27 28 29 30 31 56 57 58 59 60 61 62],[9 9 9 9 9 9 9 9 9 9 9 9 9 9 9 9 9 7],17,62,14,30,14,27,19,28,20,[ 2  8 10  2 10  3  2 11  2  3 10  2],2022-10-01 10:55:29,235.33379166666666
1.08,01Oct_110443,[ 24  25  26  27  28  29  30  31  56  57  58  59  60  61  62  63 120],[9 9 9 9 9 9 9 9 9 9 9 9 9 9 9 9 9],17,120,24,32,16,29,21,29,21,[ 4 11  4  4  4  5  5  5  4  5  4  5],2022-10-01 11:05:07,236.75470833333333
1.2,01Oct_111346,[15 24 25 26 27 28 29 30 31 56 57 58 59 60 61 62 63],[9 9 9 9 9 9 9 9 9 9 9 9 9 9 9 9 9],17,63,15,31,15,28,20,28,20,[6 4 6 6 6 7 6 7 6 7 6 6],2022-10-01 11:14:03,238.072375
1.32,01Oct_112758,[14 15 24 25 26 27 28 29 30 31 56 57 58 59 60 61 62],[9 9 9 9 9 9 9 9 9 9 9 9 9 9 9 9 9],17,62,14,30,14,27,19,27,19,[ 2  8 10  2 10  3  2 11 10  3 10  2],2022-10-01 11:28:14,240.16441666666665
1.08,01Oct_113651,[ 24  25  26  27  28  29  30  31  56  57  58  59  60  61  62  63 120],[7 9 9 9 9 9 9 9 9 9 9 9 9 9 9 9 9 9],17,120,24,32,16,29,21,29,21,[ 4 11  4  4  5  5  5  5  4  5  4  5],2022-10-01 11:37:08,241.47716666666665
1.2,01Oct_114644,[15 24 25 26 27 28 29 30 31 56 57 58 59 60 61 62 63],[9 9 9 9 9 9 9 9 9 9 9 9 9 9 9 9 9],17,63,15,31,15,28,20,28,20,[6 4 6 6 6 7 6 7 6 7 6 6],2022-10-01 11:47:00,242.93249999999998
1.32,01Oct_120131,[14 15 24 25 26 27 28 29 30 31 56 57 58 59 60 61 62],[9 9 9 9 9 9 9 9 9 9 9 9 9 9 9 9 9],17,62,14,30,14,27,19,27,19,[ 2  8 10  2 10 11  2 11  2  3 10  2],2022-10-01 12:01:47,245.11304166666667
1.08,01Oct_121042,[ 24  25  26  27  28  29  30  31  56  57  58  59  60  61  62  63 120],[9 9 9 9 9 9 9 9 9 9 9 9 9 9 9 9 9],17,120,24,32,16,29,21,29,21,[ 4 11  5  5  5  5  5  5  4  5  4 12],2022-10-01 12:10:59,246.47004166666667
1.2,01Oct_121938,[15 24 25 26 27 28 29 30 31 56 57 58 59 60 61 62 63],[9 9 9 9 9 9 9 9 9 9 9 9 9 9 9 9 9],17,63,15,31,15,28,20,28,20,[6 5 6 6 6 7 6 7 6 7 6 6],2022-10-01 12:19:55,247.7877083333333
1.32,01Oct_123350,[14 15 24 25 26 27 28 29 30 31 56 57 58 59 60 61 62],[9 9 9 9 9 9 9 9 9 9 9 9 9 9 9 9 9],17,62,14,30,14,27,19,27,19,[ 2  8 10 10 10  3  2 11  2  3 10  2],2022-10-01 12:34:06,249.87974999999997
1.08,01Oct_124302,[ 24  25  26  27  28  29  30  31  56  57  58  59  60  61  62  63 120],[9 9 9 9 9 9 9 9 9 9 9 9 9 9 9 9 9],17,120,24,32,16,29,21,29,21,[ 4 11  5  5  5  5  5  5  5  5  5 12],2022-10-01 12:43:26,251.25641666666664
1.2,01Oct_125205,[15 24 25 26 27 28 29 30 31 56 57 58 59 60 61 62 63],[9 9 9 9 9 9 9 9 9 9 9 9 9 9 9 9 9],17,63,15,31,15,28,20,28,20,[6 4 6 6 6 7 6 7 6 7 6 6],2022-10-01 12:52:22,252.57408333333333
1.32,01Oct_130701,[14 15 24 25 26 27 28 29 30 31 56 57 58 59 60 61 62],[9 9 9 9 9 9 9 9 9 9 9 9 9 9 9 9 9],17,62,14,30,14,27,19,27,19,[ 2  8  2  2 10 11  2 11 10 11  2  2],2022-10-01 13:07:18,254.77675
1.08,01Oct_131630,[ 24  25  26  27  28  29  30  31  56  57  58  59  60  61  62  63 120],[9 9 9 9 9 9 9 9 9 9 9 9 9 9 9 9 9],17,120,24,32,16,29,21,29,21,[ 4 11  5  5  5  5  5  5  5  5  5 12],2022-10-01 13:16:54,256.19275
1.2,01Oct_132534,[15 24 25 26 27 28 29 30 31 56 57 58 59 60 61 62 63],[9 9 9 9 9 9 9 9 9 9 9 9 9 9 9 9 9],17,63,15,31,15,28,20,28,20,[6 5 6 6 6 7 6 7 6 7 6 6],2022-10-01 13:25:50,257.51041666666663
1.32,01Oct_133945,[14 15 24 25 26 27 28 29 30 31 56 57 58 59 60 61 62],[9 9 9 9 9 9 9 9 9 9 9 9 9 9 9 9 9],17,62,14,30,14,27,19,27,19,[ 2  8  2  2 10  3  2  3 10  3  2  2],2022-10-01 13:40:01,259.60245833333335
1.08,01Oct_134905,[ 24  25  26  27  28  29  30  31  56  57  58  59  60  61  62  63 120],[7 9 9 9 9 9 9 9 9 9 9 9 9 9 9 9 9 9],17,120,24,32,16,29,21,29,21,[ 4 11  5  5  5  5  5  5  5  5  5  5],2022-10-01 13:49:30,261.00124999999997
1.2,01Oct_135819,[15 24 25 26 27 28 29 30 31 56 57 58 59 60 61 62 63],[9 9 9 9 9 9 9 9 9 9 9 9 9 9 9 9 9],17,63,15,31,15,28,20,28,20,[6 5 6 6 6 7 6 7 6 7 6 6],2022-10-01 13:58:35,262.3410416666667
1.32,01Oct_141231,[14 15 24 25 26 27 28 29 30 31 56 57 58 59 60 61 62],[9 9 9 9 9 9 9 9 9 9 9 9 9 9 9 9 9],17,62,14,30,14,27,19,27,19,[ 2  8  2  2  2 11  2  3  2 11  2  2],2022-10-01 14:12:47,264.43554166666667
1.08,01Oct_142200,[ 24  25  26  27  28  29  30  31  56  57  58  59  60  61  62  63 120],[9 9 9 9 9 9 9 9 9 9 9 9 9 9 9 9 9],17,120,24,32,16,29,21,29,21,[ 4 11  5  5  5  5  5  6  5  5  5  5],2022-10-01 14:22:24,265.854
1.2,01Oct_143150,[15 24 25 26 27 28 29 30 31 56 57 58 59 60 61 62 63],[9 9 9 9 9 9 9 9 9 9 9 9 9 9 9 9 9],17,63,15,31,15,28,20,28,20,[6 5 6 6 6 7 6 7 6 7 6 6],2022-10-01 14:32:06,267.28475
1.32,01Oct_144601,[14 15 24 25 26 27 28 29 30 31 56 57 58 59 60 61 62],[9 9 9 9 9 9 9 9 9 9 9 9 9 9 9 9 9],17,62,14,30,14,27,19,27,19,[ 2  8  2  2  2 11  2  3  2 11  2  3],2022-10-01 14:46:18,269.37924999999996
1.08,01Oct_145530,[ 24  25  26  27  28  29  30  31  56  57  58  59  60  61  62  63 120],[9 9 9 9 9 9 9 9 9 9 9 9 9 9 9 9 9],17,120,24,32,16,29,21,29,21,[ 5 11  5  5  5  6  5  6  5  5  5  5],2022-10-01 14:55:55,270.79770833333333
1.2,01Oct_150434,[15 24 25 26 27 28 29 30 31 56 57 58 59 60 61 62 63],[9 9 9 9 9 9 9 9 9 9 9 9 9 9 9 9 9],17,63,15,31,15,28,20,28,20,[6 5 6 6 6 7 6 7 6 7 6 6],2022-10-01 15:04:51,272.115375
1.32,01Oct_151846,[14 15 24 25 26 27 28 29 30 31 56 57 58 59 60 61 62],[9 9 9 9 9 9 9 9 9 9 9 9 9 9 9 9 9],17,62,14,30,14,27,19,27,19,[ 2  9  2  2  2 11  3  3  2 11  2  3],2022-10-01 15:19:02,274.20741666666663
1.08,01Oct_152740,[ 24  25  26  27  28  29  30  31  56  57  58  59  60  61  62  63 120],[7 9 9 9 9 9 9 9 9 9 9 9 9 9 9 9 9 9],17,120,24,32,16,29,21,29,21,[5 3 5 5 5 6 5 6 5 5 5 5],2022-10-01 15:27:56,275.5201666666666
1.2,01Oct_153831,[15 24 25 26 27 28 29 30 31 56 57 58 59 60 61 62 63],[9 9 9 9 9 9 9 9 9 9 9 9 9 9 9 9 9],17,63,15,31,15,28,20,28,20,[6 5 6 6 6 7 6 7 6 7 6 6],2022-10-01 15:38:47,277.12054166666667
1.32,01Oct_155243,[14 15 24 25 26 27 28 29 30 31 56 57 58 59 60 61 62],[9 9 9 9 9 9 9 9 9 9 9 9 9 9 9 9 9],17,62,14,30,14,27,19,27,19,[2 8 2 2 2 3 3 3 2 3 2 3],2022-10-01 15:52:59,279.21504166666665
1.08,01Oct_160213,[ 24  25  26  27  28  29  30  31  56  57  58  59  60  61  62  63 120],[9 9 9 9 9 9 9 9 9 9 9 9 9 9 9 9 9],17,120,24,32,16,29,21,29,21,[ 5 11  5  5  5  6  5  6  5  5  5  5],2022-10-01 16:02:37,280.6359583333333
1.2,01Oct_164209,[15 24 25 26 27 28 29 30 31 56 57 58 59 60 61 62 63],[9 9 9 9 9 9 9 9 9 9 9 9 9 9 9 9 9],17,63,15,31,15,28,20,28,20,[6 5 6 6 6 7 6 7 6 7 6 6],2022-10-01 16:42:25,286.5064583333333
1.32,01Oct_165621,[14 15 24 25 26 27 28 29 30 31 56 57 58 59 60 61 62],[9 9 9 9 9 9 9 9 9 9 9 9 9 9 9 9 9],17,62,14,30,14,27,19,27,19,[2 9 2 2 2 3 3 3 2 3 2 3],2022-10-01 16:56:37,288.60095833333327
1.08,01Oct_170514,[ 24  25  26  27  28  29  30  31  56  57  58  59  60  61  62  63 120],[9 9 9 9 9 9 9 9 9 9 9 9 9 9 9 9 9],17,120,24,32,16,29,21,29,21,[ 5 11  5  5  5  6  5  6  5  5  5  5],2022-10-01 17:05:30,289.91125
1.2,01Oct_171410,[15 24 25 26 27 28 29 30 31 56 57 58 59 60 61 62 63],[9 9 9 9 9 9 9 9 9 9 9 9 9 9 9 9 9],17,63,15,31,15,28,20,28,20,[6 5 6 6 6 7 6 7 6 7 6 6],2022-10-01 17:14:26,291.2289166666667
1.32,01Oct_172821,[14 15 24 25 26 27 28 29 30 31 56 57 58 59 60 61 62],[9 9 9 9 9 9 9 9 9 9 9 9 9 9 9 9 9],17,62,14,30,14,27,19,27,19,[ 2  9  2  2  2  3  3  3  2 11  2  3],2022-10-01 17:28:38,293.3234166666667
1.08,01Oct_173715,[ 24  25  26  27  28  29  30  31  56  57  58  59  60  61  62  63 120],[9 9 9 9 9 9 9 9 9 9 9 9 9 9 9 9 9],17,120,24,32,16,29,21,29,21,[ 5 11  5  5  5  6  5  6  5  5  5  5],2022-10-01 17:37:31,294.63370833333335
1.2,01Oct_174756,[15 24 25 26 27 28 29 30 31 56 57 58 59 60 61 62 63],[9 9 9 9 9 9 9 9 9 9 9 9 9 9 9 9 9],17,63,15,31,15,28,20,28,20,[ 6 12  6  6  6  7  6  7  6  7  6  7],2022-10-01 17:48:12,296.2095
1.32,01Oct_180207,[14 15 24 25 26 27 28 29 30 31 56 57 58 59 60 61 62],[9 9 9 9 9 9 9 9 9 9 9 9 9 9 9 9 9],17,62,14,30,14,27,19,27,19,[2 9 2 2 3 3 3 3 2 3 3 3],2022-10-01 18:02:24,298.304
1.08,01Oct_181101,[ 24  25  26  27  28  29  30  31  56  57  58  59  60  61  62  63 120],[9 9 9 9 9 9 9 9 9 9 9 9 9 9 9 9 9],17,120,24,32,16,29,21,29,21,[ 5 12  5  5  5  6  5  6  5  5  5  5],2022-10-01 18:11:17,299.61429166666665
1.2,01Oct_181957,[15 24 25 26 27 28 29 30 31 56 57 58 59 60 61 62 63],[9 9 9 9 9 9 9 9 9 9 9 9 9 9 9 9 9],17,63,15,31,15,28,20,28,20,[ 6 12  6  6  6  7  7  7  6  7  6  7],2022-10-01 18:20:13,300.93195833333334
1.32,01Oct_183417,[14 15 24 25 26 27 28 29 30 31 56 57 58 59 60 61 62],[9 9 9 9 9 9 9 9 9 9 9 9 9 9 9 9 9],17,62,14,30,14,27,19,27,19,[ 2  9  2  2  3  3  3  3 10  3  3  3],2022-10-01 18:34:34,303.0485833333333
1.08,01Oct_184311,[ 24  25  26  27  28  29  30  31  56  57  58  59  60  61  62  63 120],[9 9 9 9 9 9 9 9 9 9 9 9 9 9 9 9 9],17,120,24,32,16,29,21,29,21,[ 5 11  5  5  5  6  5  6  5  6  5  5],2022-10-01 18:43:27,304.358875
1.2,01Oct_185206,[15 24 25 26 27 28 29 30 31 56 57 58 59 60 61 62 63],[9 9 9 9 9 9 9 9 9 9 9 9 9 9 9 9 9],17,63,15,31,15,28,20,28,20,[ 6 12  6  6  6  7  7  7  6  7  7  7],2022-10-01 18:52:23,305.67654166666665
1.32,01Oct_190627,[14 15 24 25 26 27 28 29 30 31 56 57 58 59 60 61 62],[9 9 9 9 9 9 9 9 9 9 9 9 9 9 9 9 9],17,62,14,30,14,27,19,27,19,[ 2  9  3  2  3  3  3 12  2  3  3  3],2022-10-01 19:06:43,307.7907083333333
1.08,01Oct_191521,[ 24  25  26  27  28  29  30  31  56  57  58  59  60  61  62  63 120],[9 9 9 9 9 9 9 9 9 9 9 9 9 9 9 9 9],17,120,24,32,16,29,21,29,21,[ 5 12  5  5  5  6  6  6  5  6  5  5],2022-10-01 19:15:37,309.1034583333333
1.2,01Oct_192503,[15 24 25 26 27 28 29 30 31 56 57 58 59 60 61 62 63],[9 9 9 9 9 9 9 9 9 9 9 9 9 9 9 9 9],17,63,15,31,15,28,20,28,20,[ 6 12  6  6  6  7  7  8  6  7  7  7],2022-10-01 19:25:19,310.53420833333337
1.32,01Oct_193923,[14 15 24 25 26 27 28 29 30 31 56 57 58 59 60 61 62],[9 9 9 9 9 9 9 9 9 9 9 9 9 9 9 9 9 7],17,62,14,30,14,27,19,28,20,[ 2  9  3  2  3  3  3 12 10  3  3  3],2022-10-01 19:39:39,312.648375
1.08,01Oct_194827,[ 24  25  26  27  28  29  30  31  56  57  58  59  60  61  62  63 120],[9 9 9 9 9 9 9 9 9 9 9 9 9 9 9 9 9],17,120,24,32,16,29,21,29,21,[ 5 12  5  5  5  6  6  6  5  6  5  5],2022-10-01 19:48:43,313.9857083333333
1.2,01Oct_195722,[15 24 25 26 27 28 29 30 31 56 57 58 59 60 61 62 63],[9 9 9 9 9 9 9 9 9 9 9 9 9 9 9 9 9],17,63,15,31,15,28,20,28,20,[ 6 12  6  6  6  7  7  7  6  7  7  7],2022-10-01 19:57:39,315.30337499999996
1.32,01Oct_201209,[14 15 24 25 26 27 28 29 30 31 56 57 58 59 60 61 62],[9 9 9 9 9 9 9 9 9 9 9 9 9 9 9 9 9],17,62,14,30,14,27,19,27,19,[ 2  9  3  2  3  3  3 11 10  3  3  3],2022-10-01 20:12:26,317.4839166666667
1.08,01Oct_202102,[ 24  25  26  27  28  29  30  31  56  57  58  59  60  61  62  63 120],[7 9 9 9 9 9 9 9 9 9 9 9 9 9 9 9 9 9],17,120,24,32,16,29,21,29,21,[ 5 12  5  5  5  6  6  6  5  6  5  5],2022-10-01 20:21:19,318.7942083333333
1.2,01Oct_203154,[15 24 25 26 27 28 29 30 31 56 57 58 59 60 61 62 63],[9 9 9 9 9 9 9 9 9 9 9 9 9 9 9 9 9],17,63,15,31,15,28,20,28,20,[ 6 12  6  6  7  7  7  7  6  7  6  7],2022-10-01 20:32:10,320.3945833333333
1.32,01Oct_204640,[14 15 24 25 26 27 28 29 30 31 56 57 58 59 60 61 62],[9 9 9 9 9 9 9 9 9 9 9 9 9 9 9 9 9],17,62,14,30,14,27,19,27,19,[ 2  9  2  2  3  3  3 11  2  3  3  3],2022-10-01 20:46:57,322.57512499999996
1.08,01Oct_205534,[ 24  25  26  27  28  29  30  31  56  57  58  59  60  61  62  63 120],[9 9 9 9 9 9 9 9 9 9 9 9 9 9 9 9 9],17,120,24,32,16,29,21,29,21,[ 5 12  5  5  5  6  6  6  5  6  5  6],2022-10-01 20:55:50,323.88541666666663
1.2,01Oct_210429,[15 24 25 26 27 28 29 30 31 56 57 58 59 60 61 62 63],[9 9 9 9 9 9 9 9 9 9 9 9 9 9 9 9 9],17,63,15,31,15,28,20,28,20,[6 5 6 6 7 7 7 7 6 7 7 7],2022-10-01 21:04:46,325.2030833333333
1.32,01Oct_211850,[14 15 24 25 26 27 28 29 30 31 56 57 58 59 60 61 62],[9 9 9 9 9 9 9 9 9 9 9 9 9 9 9 9 9],17,62,14,30,14,27,19,27,19,[ 2  2  3  2  3  3  3 11 10 11  3  3],2022-10-01 21:19:06,327.31725
1.08,01Oct_212801,[ 24  25  26  27  28  29  30  31  56  57  58  59  60  61  62  63 120],[9 9 9 9 9 9 9 9 9 9 9 9 9 9 9 9 9],17,120,24,32,16,29,21,29,21,[ 5 12  5  5  5  6  6  6  5  6  5  6],2022-10-01 21:28:26,328.69391666666667
1.2,01Oct_213705,[15 24 25 26 27 28 29 30 31 56 57 58 59 60 61 62 63],[9 9 9 9 9 9 9 9 9 9 9 9 9 9 9 9 9],17,63,15,31,15,28,20,28,20,[6 5 6 6 7 7 7 7 7 8 7 7],2022-10-01 21:37:22,330.0115833333333
1.32,01Oct_215126,[14 15 24 25 26 27 28 29 30 31 56 57 58 59 60 61 62],[9 9 9 9 9 9 9 9 9 9 9 9 9 9 9 9 9 7],17,62,14,30,14,27,19,28,20,[ 2  9  3  2  3  3  3 11 10 11  3  3],2022-10-01 21:51:42,332.12575
1.08,01Oct_220048,[ 24  25  26  27  28  29  30  31  56  57  58  59  60  61  62  63 120],[9 9 9 9 9 9 9 9 9 9 9 9 9 9 9 9 9],17,120,24,32,16,29,21,29,21,[5 4 5 5 5 6 6 6 5 6 5 6],2022-10-01 22:01:12,333.527
1.2,01Oct_221040,[15 24 25 26 27 28 29 30 31 56 57 58 59 60 61 62 63],[9 9 9 9 9 9 9 9 9 9 9 9 9 9 9 9 9],17,63,15,31,15,28,20,28,20,[6 5 7 6 7 7 7 7 6 7 7 7],2022-10-01 22:10:56,334.9626666666666
1.32,01Oct_224027,[14 15 24 25 26 27 28 29 30 31 56 57 58 59 60 61 62 63],[9 9 9 9 9 9 9 9 9 9 9 9 9 9 9 9 9 9],18,63,14,31,14,28,20,28,20,[ 2  2  3  2  3  3  3  3  2 11  3  3],2022-10-01 22:40:43,339.3557083333333
1.08,01Oct_224957,[ 24  25  26  27  28  29  30  31  56  57  58  59  60  61  62  63 120],[9 9 9 9 9 9 9 9 9 9 9 9 9 9 9 9 9],17,120,24,32,16,29,21,29,21,[5 4 5 5 5 6 6 7 5 6 5 6],2022-10-01 22:50:22,340.7790833333333
1.2,01Oct_225901,[15 24 25 26 27 28 29 30 31 56 57 58 59 60 61 62 63],[9 9 9 9 9 9 9 9 9 9 9 9 9 9 9 9 9],17,63,15,31,15,28,20,28,20,[6 5 7 6 7 7 7 7 6 7 7 7],2022-10-01 22:59:18,342.09675
1.32,01Oct_231331,[14 15 24 25 26 27 28 29 30 31 56 57 58 59 60 61 62 63],[7 9 9 9 9 9 9 9 9 9 9 9 9 9 9 9 9 9 9],18,63,14,31,14,28,20,27,19,[ 2  2  3  2  3  3  3 11  2 11  3  3],2022-10-01 23:13:47,344.2330416666666
1.08,01Oct_232302,[ 24  25  26  27  28  29  30  31  56  57  58  59  60  61  62  63 120],[9 9 9 9 9 9 9 9 9 9 9 9 9 9 9 9 9],17,120,24,32,16,29,21,29,21,[5 4 6 6 6 6 6 7 5 6 5 6],2022-10-01 23:23:19,345.6392083333333
1.2,01Oct_233158,[15 24 25 26 27 28 29 30 31 56 57 58 59 60 61 62 63],[9 9 9 9 9 9 9 9 9 9 9 9 9 9 9 9 9],17,63,15,31,15,28,20,28,20,[6 5 7 6 7 7 7 7 6 7 7 7],2022-10-01 23:32:14,346.95441666666665
1.32,01Oct_234609,[14 15 24 25 26 27 28 29 30 31 56 57 58 59 60 61 62 63],[9 9 9 9 9 9 9 9 9 9 9 9 9 9 9 9 9 9],18,63,14,31,14,28,20,28,20,[ 2  2  3  2  3  3  3  3  2 12  3  3],2022-10-01 23:46:26,349.0489166666666
1.08,01Oct_235548,[ 24  25  26  27  28  29  30  31  56  57  58  59  60  61  62  63 120 121],[9 9 9 9 9 9 9 9 9 9 9 9 9 9 9 9 9 9],18,121,24,33,16,30,22,30,22,[5 4 6 5 6 6 6 7 5 6 5 6],2022-10-01 23:56:05,350.47229166666665
1.2,02Oct_000454,[15 24 25 26 27 28 29 30 31 56 57 58 59 60 61 62 63],[9 9 9 9 9 9 9 9 9 9 9 9 9 9 9 9 9],17,63,15,31,15,28,20,28,20,[7 5 7 7 7 7 7 7 6 7 7 7],2022-10-02 00:05:10,351.81208333333336
1.32,02Oct_001905,[14 15 24 25 26 27 28 29 30 31 56 57 58 59 60 61 62 63],[9 9 9 9 9 9 9 9 9 9 9 9 9 9 9 9 9 9],18,63,14,31,14,28,20,28,20,[ 2  2  3  2  3  4  3 11  2 12  3 11],2022-10-02 00:19:22,353.90658333333334
1.08,02Oct_002845,[ 24  25  26  27  28  29  30  31  56  57  58  59  60  61  62  63 120 121],[9 9 9 9 9 9 9 9 9 9 9 9 9 9 9 9 9 9],18,121,24,33,16,30,22,30,22,[5 4 6 6 6 6 6 7 5 6 5 6],2022-10-02 00:29:09,355.349625
1.2,02Oct_003758,[15 24 25 26 27 28 29 30 31 56 57 58 59 60 61 62 63],[9 9 9 9 9 9 9 9 9 9 9 9 9 9 9 9 9],17,63,15,31,15,28,20,28,20,[6 5 7 7 7 8 7 8 6 7 7 7],2022-10-02 00:38:14,356.68941666666666
1.32,02Oct_005245,[14 15 24 25 26 27 28 29 30 31 56 57 58 59 60 61 62 63],[9 9 9 9 9 9 9 9 9 9 9 9 9 9 9 9 9 9],18,63,14,31,14,28,20,28,20,[ 2  2  3  3  3  3  3 12 10 11  3 11],2022-10-02 00:53:01,358.86995833333333
1.08,02Oct_010224,[ 24  25  26  27  28  29  30  31  56  57  58  59  60  61  62  63 120 121],[9 9 9 9 9 9 9 9 9 9 9 9 9 9 9 9 9 9],18,121,24,33,16,30,22,30,22,[5 4 6 6 6 6 6 7 5 6 6 6],2022-10-02 01:02:49,360.31545833333337
1.2,02Oct_011138,[15 24 25 26 27 28 29 30 31 56 57 58 59 60 61 62 63],[9 9 9 9 9 9 9 9 9 9 9 9 9 9 9 9 9],17,63,15,31,15,28,20,28,20,[7 5 7 7 7 8 7 8 6 8 7 7],2022-10-02 01:11:54,361.65525
1.32,02Oct_012550,[14 15 24 25 26 27 28 29 30 31 56 57 58 59 60 61 62 63],[9 9 9 9 9 9 9 9 9 9 9 9 9 9 9 9 9 9],18,63,14,31,14,28,20,28,20,[ 2  2  3  2  3 11  3 12  2 12  3  3],2022-10-02 01:26:06,363.74975
1.08,02Oct_013529,[ 24  25  26  27  28  29  30  31  56  57  58  59  60  61  62  63 120 121],[9 9 9 9 9 9 9 9 9 9 9 9 9 9 9 9 9 9],18,121,24,33,16,30,22,30,22,[5 4 6 6 6 7 6 7 6 6 6 6],2022-10-02 01:35:54,365.19525
1.2,02Oct_014444,[15 24 25 26 27 28 29 30 31 56 57 58 59 60 61 62 63],[9 9 9 9 9 9 9 9 9 9 9 9 9 9 9 9 9],17,63,15,31,15,28,20,28,20,[7 5 7 7 7 8 7 8 7 8 7 7],2022-10-02 01:45:00,366.53749999999997
1.32,02Oct_015855,[14 15 24 25 26 27 28 29 30 31 56 57 58 59 60 61 62 63],[9 9 9 9 9 9 9 9 9 9 9 9 9 9 9 9 9 9],18,63,14,31,14,28,20,28,20,[ 2  2  3  2  3  3  3  4  3 12  3 11],2022-10-02 01:59:11,368.6295416666666
1.08,02Oct_020834,[ 24  25  26  27  28  29  30  31  56  57  58  59  60  61  62  63 120 121],[9 9 9 9 9 9 9 9 9 9 9 9 9 9 9 9 9 9],18,121,24,33,16,30,22,30,22,[6 4 6 6 6 7 6 7 6 6 6 6],2022-10-02 02:08:59,370.07504166666666
1.2,02Oct_021748,[15 24 25 26 27 28 29 30 31 56 57 58 59 60 61 62 63],[9 9 9 9 9 9 9 9 9 9 9 9 9 9 9 9 9],17,63,15,31,15,28,20,28,20,[7 5 7 7 7 8 7 8 6 8 7 7],2022-10-02 02:18:05,371.4172916666667
1.32,02Oct_023200,[14 15 24 25 26 27 28 29 30 31 56 57 58 59 60 61 62 63],[9 9 9 9 9 9 9 9 9 9 9 9 9 9 9 9 9 9],18,63,14,31,14,28,20,28,20,[ 2  2  3  3  3 11 11 12  2 12 11 11],2022-10-02 02:32:16,373.50933333333336
1.08,02Oct_024139,[ 25  26  27  28  29  30  31  56  57  58  59  60  61  62  63 120 121],[7 9 9 9 9 9 9 9 9 9 9 9 9 9 9 9 9 9],17,121,25,33,17,30,22,30,22,[6 4 6 6 6 7 6 7 6 6 6 6],2022-10-02 02:42:04,374.9548333333333
1.2,02Oct_025053,[15 24 25 26 27 28 29 30 31 56 57 58 59 60 61 62 63],[9 9 9 9 9 9 9 9 9 9 9 9 9 9 9 9 9],17,63,15,31,15,28,20,28,20,[7 5 7 7 7 8 7 8 7 8 7 7],2022-10-02 02:51:10,376.2970833333333
1.32,02Oct_030505,[14 15 24 25 26 27 28 29 30 31 56 57 58 59 60 61 62 63],[9 9 9 9 9 9 9 9 9 9 9 9 9 9 9 9 9 9],18,63,14,31,14,28,20,28,20,[ 3  2  3  3  3  4 11 12  3 12  3 11],2022-10-02 03:05:21,378.389125
1.08,02Oct_031408,[ 25  26  27  28  29  30  31  56  57  58  59  60  61  62  63 120 121],[9 9 9 9 9 9 9 9 9 9 9 9 9 9 9 9 9],17,121,25,33,17,30,22,30,22,[6 4 6 6 6 7 6 7 6 6 6 6],2022-10-02 03:14:25,379.7264583333333
1.2,02Oct_032555,[15 24 25 26 27 28 29 30 31 56 57 58 59 60 61 62 63],[9 9 9 9 9 9 9 9 9 9 9 9 9 9 9 9 9],17,63,15,31,15,28,20,28,20,[7 5 7 7 7 8 7 8 7 8 7 7],2022-10-02 03:26:19,381.4817083333333
1.32,02Oct_034014,[14 15 24 25 26 27 28 29 30 31 56 57 58 59 60 61 62 63],[9 9 9 9 9 9 9 9 9 9 9 9 9 9 9 9 9 9],18,63,14,31,14,28,20,28,20,[ 3  2  3  3  3 11 11 11  2 11  3 11],2022-10-02 03:40:31,383.5762083333333
1.08,02Oct_034918,[ 25  26  27  28  29  30  31  56  57  58  59  60  61  62  63 120 121],[9 9 9 9 9 9 9 9 9 9 9 9 9 9 9 9 9],17,121,25,33,17,30,22,30,22,[6 4 6 6 6 7 6 7 6 7 6 6],2022-10-02 03:49:42,384.93075
1.2,02Oct_035826,[15 24 25 26 27 28 29 30 31 56 57 58 59 60 61 62 63],[9 9 9 9 9 9 9 9 9 9 9 9 9 9 9 9 9],17,63,15,31,15,28,20,28,20,[7 5 7 7 7 8 7 8 7 8 7 7],2022-10-02 03:58:51,386.280375
1.32,02Oct_041246,[14 15 24 25 26 27 28 29 30 31 56 57 58 59 60 61 62 63],[9 9 9 9 9 9 9 9 9 9 9 9 9 9 9 9 9 9],18,63,14,31,14,28,20,28,20,[ 3  2  3  3 11  4 11 12 11 12 11 11],2022-10-02 04:13:02,388.37241666666665
1.08,02Oct_043741,[ 25  26  27  28  29  30  31  56  57  58  59  60  61  62  63 120 121],[9 9 9 9 9 9 9 9 9 9 9 9 9 9 9 9 9],17,121,25,33,17,30,22,30,22,[6 4 6 6 6 7 6 7 6 7 6 6],2022-10-02 04:37:57,392.047625
1.2,02Oct_044642,[15 24 25 26 27 28 29 30 31 56 57 58 59 60 61 62 63],[9 9 9 9 9 9 9 9 9 9 9 9 9 9 9 9 9],17,63,15,31,15,28,20,28,20,[7 5 7 7 7 8 7 8 7 8 7 7],2022-10-02 04:47:06,393.39725
1.32,02Oct_050101,[14 15 24 25 26 27 28 29 30 31 56 57 58 59 60 61 62 63],[9 9 9 9 9 9 9 9 9 9 9 9 9 9 9 9 9 9],18,63,14,31,14,28,20,28,20,[ 3  2  3  3  3  4 11 12  2 12  3 11],2022-10-02 05:01:18,395.49174999999997
1.08,02Oct_051005,[ 25  26  27  28  29  30  31  56  57  58  59  60  61  62  63 120 121],[9 9 9 9 9 9 9 9 9 9 9 9 9 9 9 9 9],17,121,25,33,17,30,22,30,22,[6 5 6 6 6 7 6 7 6 7 6 6],2022-10-02 05:10:21,396.826625
1.2,02Oct_051906,[15 24 25 26 27 28 29 30 31 56 57 58 59 60 61 62 63],[9 9 9 9 9 9 9 9 9 9 9 9 9 9 9 9 9],17,63,15,31,15,28,20,28,20,[7 5 7 7 7 8 7 8 7 8 7 7],2022-10-02 05:19:30,398.17625
1.32,02Oct_053325,[14 15 24 25 26 27 28 29 30 31 56 57 58 59 60 61 62 63],[9 9 9 9 9 9 9 9 9 9 9 9 9 9 9 9 9 9],18,63,14,31,14,28,20,28,20,[ 3  2  3  3 11 11 11 12  3 12  3 11],2022-10-02 05:33:42,400.27074999999996
1.08,02Oct_054229,[ 25  26  27  28  29  30  31  56  57  58  59  60  61  62  63 120 121],[7 9 9 9 9 9 9 9 9 9 9 9 9 9 9 9 9 9],17,121,25,33,17,30,22,30,22,[6 5 6 6 6 7 7 7 6 7 6 6],2022-10-02 05:42:45,401.60562500000003
1.2,02Oct_055140,[ 15  24  25  26  27  28  29  30  31  56  57  58  59  60  61  62  63 120],[9 9 9 9 9 9 9 9 9 9 9 9 9 9 9 9 9 9],18,120,15,32,15,29,21,29,21,[7 6 7 7 7 8 7 8 7 8 7 7],2022-10-02 05:52:04,402.9798333333333
1.32,02Oct_060610,[14 15 24 25 26 27 28 29 30 31 56 57 58 59 60 61 62 63],[9 9 9 9 9 9 9 9 9 9 9 9 9 9 9 9 9 9],18,63,14,31,14,28,20,28,20,[ 3  2  3  3 11 12 11  4  3  4  3 11],2022-10-02 06:06:26,405.0989166666667
1.08,02Oct_061513,[ 25  26  27  28  29  30  31  56  57  58  59  60  61  62  63 120 121],[9 9 9 9 9 9 9 9 9 9 9 9 9 9 9 9 9],17,121,25,33,17,30,22,30,22,[6 5 6 6 6 7 7 7 6 7 6 6],2022-10-02 06:15:29,406.43379166666665
1.2,02Oct_062414,[ 15  24  25  26  27  28  29  30  31  56  57  58  59  60  61  62  63 120],[9 9 9 9 9 9 9 9 9 9 9 9 9 9 9 9 9 9],18,120,15,32,15,29,21,29,21,[7 6 7 7 7 8 7 8 7 8 7 7],2022-10-02 06:24:38,407.78341666666665
1.32,02Oct_063844,[14 15 24 25 26 27 28 29 30 31 56 57 58 59 60 61 62 63],[9 9 9 9 9 9 9 9 9 9 9 9 9 9 9 9 9 9],18,63,14,31,14,28,20,28,20,[ 3  2  3  3 11  4 11  4  3  4 11 11],2022-10-02 06:39:00,409.90250000000003
1.08,02Oct_064747,[ 25  26  27  28  29  30  31  56  57  58  59  60  61  62  63 120 121],[9 9 9 9 9 9 9 9 9 9 9 9 9 9 9 9 9],17,121,25,33,17,30,22,30,22,[6 5 6 6 6 7 7 7 6 7 6 6],2022-10-02 06:48:04,411.2398333333333
1.2,02Oct_065648,[ 15  24  25  26  27  28  29  30  31  56  57  58  59  60  61  62  63 120],[9 9 9 9 9 9 9 9 9 9 9 9 9 9 9 9 9 9],18,120,15,32,15,29,21,29,21,[7 6 7 7 7 8 7 8 7 8 7 7],2022-10-02 06:57:12,412.587
1.32,02Oct_071118,[14 15 24 25 26 27 28 29 30 31 56 57 58 59 60 61 62 63],[9 9 9 9 9 9 9 9 9 9 9 9 9 9 9 9 9 9],18,63,14,31,14,28,20,28,20,[ 3  2 11  3 11 12 11 12  3  4 11 11],2022-10-02 07:11:34,414.7060833333333
1.2,02Oct_074921,[ 15  24  25  26  27  28  29  30  31  56  57  58  59  60  61  62  63 120],[9 9 9 9 9 9 9 9 9 9 9 9 9 9 9 9 9 9 7],18,120,15,32,15,29,21,29,21,[7 6 7 7 7 8 7 8 7 8 7 7],2022-10-02 07:49:38,420.3209166666667
1.32,02Oct_080356,[14 15 24 25 26 27 28 29 30 31 56 57 58 59 60 61 62 63],[9 9 9 9 9 9 9 9 9 9 9 9 9 9 9 9 9 9],18,63,14,31,14,28,20,28,20,[ 3  2 11  3 11 12  3  4  3  4  3 11],2022-10-02 08:04:12,422.4695
1.08,02Oct_081300,[ 25  26  27  28  29  30  31  56  57  58  59  60  61  62  63 120 121],[9 9 9 9 9 9 9 9 9 9 9 9 9 9 9 9 9],17,121,25,33,17,30,22,30,22,[6 5 6 6 6 7 7 7 6 7 6 6],2022-10-02 08:13:17,423.80929166666664
1.2,02Oct_082448,[ 15  24  25  26  27  28  29  30  31  56  57  58  59  60  61  62  63 120],[9 9 9 9 9 9 9 9 9 9 9 9 9 9 9 9 9 9],18,120,15,32,15,29,21,29,21,[7 6 7 7 7 8 7 8 7 8 7 7],2022-10-02 08:25:12,425.56699999999995
1.32,02Oct_083918,[14 15 24 25 26 27 28 29 30 31 56 57 58 59 60 61 62 63],[9 9 9 9 9 9 9 9 9 9 9 9 9 9 9 9 9 9],18,63,14,31,14,28,20,28,20,[ 3  2 11  3 11 12 11 12  3  4  3 11],2022-10-02 08:39:34,427.68608333333333
1.08,02Oct_084822,[ 25  26  27  28  29  30  31  56  57  58  59  60  61  62  63 120 121],[9 9 9 9 9 9 9 9 9 9 9 9 9 9 9 9 9],17,121,25,33,17,30,22,30,22,[6 5 6 6 6 7 7 7 6 7 6 6],2022-10-02 08:48:38,429.02341666666666
1.2,02Oct_090009,[ 15  24  25  26  27  28  29  30  31  56  57  58  59  60  61  62  63 120],[9 9 9 9 9 9 9 9 9 9 9 9 9 9 9 9 9 9],18,120,15,32,15,29,21,29,21,[7 6 7 7 7 8 7 8 7 8 7 7],2022-10-02 09:00:34,430.7835833333333
1.32,02Oct_091439,[14 15 24 25 26 27 28 29 30 31 56 57 58 59 60 61 62 63],[9 9 9 9 9 9 9 9 9 9 9 9 9 9 9 9 9 9],18,63,14,31,14,28,20,28,20,[ 3  2 11  3 11 12  3  4 11  4  3  3],2022-10-02 09:14:56,432.9026666666667
1.08,02Oct_092343,[ 25  26  27  28  29  30  31  56  57  58  59  60  61  62  63 120 121],[9 9 9 9 9 9 9 9 9 9 9 9 9 9 9 9 9],17,121,25,33,17,30,22,30,22,[6 5 6 6 6 7 7 7 6 7 6 7],2022-10-02 09:23:59,434.23754166666663
1.2,02Oct_102726,[ 15  24  25  26  27  28  29  30  31  56  57  58  59  60  61  62  63 120],[9 9 9 9 9 9 9 9 9 9 9 9 9 9 9 9 9 9],18,120,15,32,15,29,21,29,21,[7 6 7 7 7 8 7 8 7 8 7 8],2022-10-02 10:27:43,443.63820833333335
1.32,02Oct_104148,[14 15 24 25 26 27 28 29 30 31 56 57 58 59 60 61 62 63],[9 9 9 9 9 9 9 9 9 9 9 9 9 9 9 9 9 9],18,63,14,31,14,28,20,28,20,[ 3  2 11  3 11 12  3  4  3  4  3 11],2022-10-02 10:42:04,445.7548333333333
1.08,02Oct_105051,[ 25  26  27  28  29  30  31  56  57  58  59  60  61  62  63 120 121],[9 9 9 9 9 9 9 9 9 9 9 9 9 9 9 9 9],17,121,25,33,17,30,22,30,22,[6 5 7 7 7 7 7 7 7 7 7 7],2022-10-02 10:51:08,447.0921666666666
1.2,02Oct_110010,[ 15  24  25  26  27  28  29  30  31  56  57  58  59  60  61  62  63 120],[9 9 9 9 9 9 9 9 9 9 9 9 9 9 9 9 9 9],18,120,15,32,15,29,21,29,21,[7 6 7 7 7 8 7 8 7 8 7 7],2022-10-02 11:00:26,448.46391666666665
1.32,02Oct_111433,[14 15 24 25 26 27 28 29 30 31 56 57 58 59 60 61 62 63],[9 9 9 9 9 9 9 9 9 9 9 9 9 9 9 9 9 9],18,63,14,31,14,28,20,28,20,[ 3  2  3  3 11 12  3 12 11  4  3  3],2022-10-02 11:14:49,450.5854583333333
1.08,02Oct_112337,[ 25  26  27  28  29  30  31  56  57  58  59  60  61  62  63 120 121],[7 9 9 9 9 9 9 9 9 9 9 9 9 9 9 9 9 9],17,121,25,33,17,30,22,29,21,[6 5 7 7 7 7 7 7 7 7 7 7],2022-10-02 11:23:54,451.92524999999995
1.2,02Oct_113321,[ 24  25  26  27  28  29  30  31  56  57  58  59  60  61  62  63 120],[9 9 9 9 9 9 9 9 9 9 9 9 9 9 9 9 9],17,120,24,32,16,29,21,29,21,[7 6 7 7 7 8 8 8 7 8 7 8],2022-10-02 11:33:38,453.36091666666664
1.32,02Oct_114734,[14 15 24 25 26 27 28 29 30 31 56 57 58 59 60 61 62 63],[9 9 9 9 9 9 9 9 9 9 9 9 9 9 9 9 9 9],18,63,14,31,14,28,20,28,20,[ 3  9 11  3 11 12  3 12  3  4  3  3],2022-10-02 11:47:51,455.45787499999994
1.08,02Oct_115706,[ 25  26  27  28  29  30  31  56  57  58  59  60  61  62  63 120 121],[9 9 9 9 9 9 9 9 9 9 9 9 9 9 9 9 9],17,121,25,33,17,30,22,29,21,[6 5 7 7 7 7 7 7 7 7 7 7],2022-10-02 11:57:30,456.88124999999997
1.2,02Oct_120647,[ 24  25  26  27  28  29  30  31  56  57  58  59  60  61  62  63 120],[9 9 9 9 9 9 9 9 9 9 9 9 9 9 9 9 9],17,120,24,32,16,29,21,29,21,[7 6 7 7 7 8 8 8 7 8 7 8],2022-10-02 12:07:03,458.28987499999994
1.32,02Oct_122100,[14 15 24 25 26 27 28 29 30 31 56 57 58 59 60 61 62 63],[9 9 9 9 9 9 9 9 9 9 9 9 9 9 9 9 9 9],18,63,14,31,14,28,20,28,20,[ 3 10  3  3  3 12  3 12 11  4  3  3],2022-10-02 12:21:16,460.3868333333333
1.08,02Oct_123005,[ 25  26  27  28  29  30  31  56  57  58  59  60  61  62  63 120 121],[9 9 9 9 9 9 9 9 9 9 9 9 9 9 9 9 9],17,121,25,33,17,30,22,29,21,[6 5 7 7 7 7 7 7 7 7 7 7],2022-10-02 12:30:21,461.72662499999996
1.2,02Oct_123938,[ 24  25  26  27  28  29  30  31  56  57  58  59  60  61  62  63 120],[9 9 9 9 9 9 9 9 9 9 9 9 9 9 9 9 9],17,120,24,32,16,29,21,29,21,[7 6 7 7 7 8 8 8 7 8 8 8],2022-10-02 12:39:55,463.1377083333333
1.32,02Oct_125351,[14 15 24 25 26 27 28 29 30 31 56 57 58 59 60 61 62 63],[9 9 9 9 9 9 9 9 9 9 9 9 9 9 9 9 9 9],18,63,14,31,14,28,20,28,20,[ 3  2  3  3  3 12  3  4  3  4  3  4],2022-10-02 12:54:07,465.2322083333333
1.08,02Oct_130256,[ 25  26  27  28  29  30  31  56  57  58  59  60  61  62  63 120 121],[9 9 9 9 9 9 9 9 9 9 9 9 9 9 9 9 9],17,121,25,33,17,30,22,29,21,[6 5 7 7 7 7 7 7 7 7 7 7],2022-10-02 13:03:12,466.57199999999995
1.2,02Oct_131229,[ 24  25  26  27  28  29  30  31  56  57  58  59  60  61  62  63 120],[7 9 9 9 9 9 9 9 9 9 9 9 9 9 9 9 9 9],17,120,24,32,16,29,21,29,21,[7 6 7 7 7 8 8 8 7 8 7 8],2022-10-02 13:12:46,467.9830833333333
1.32,02Oct_132652,[14 15 24 25 26 27 28 29 30 31 56 57 58 59 60 61 62 63],[9 9 9 9 9 9 9 9 9 9 9 9 9 9 9 9 9 9],18,63,14,31,14,28,20,28,20,[11 10  3  3  3 12  3 12  3  4  3  3],2022-10-02 13:27:09,470.10462499999994
1.08,02Oct_133557,[ 25  26  27  28  29  30  31  56  57  58  59  60  61  62  63 120 121],[9 9 9 9 9 9 9 9 9 9 9 9 9 9 9 9 9],17,121,25,33,17,30,22,29,21,[7 5 7 7 7 7 7 7 7 7 7 7],2022-10-02 13:36:13,471.44195833333333
1.2,02Oct_134530,[ 24  25  26  27  28  29  30  31  56  57  58  59  60  61  62  63 120],[9 9 9 9 9 9 9 9 9 9 9 9 9 9 9 9 9],17,120,24,32,16,29,21,29,21,[7 6 8 7 8 8 8 8 7 8 7 8],2022-10-02 13:45:47,472.8530416666667
1.32,02Oct_135943,[14 15 24 25 26 27 28 29 30 31 56 57 58 59 60 61 62 63],[9 9 9 9 9 9 9 9 9 9 9 9 9 9 9 9 9 9],18,63,14,31,14,28,20,28,20,[11 10  3  3  3 12  3 12  3  4  3  3],2022-10-02 14:00:00,474.94999999999993
1.08,02Oct_140848,[ 25  26  27  28  29  30  31  56  57  58  59  60  61  62  63 120 121],[9 9 9 9 9 9 9 9 9 9 9 9 9 9 9 9 9],17,121,25,33,17,30,22,29,21,[7 5 7 7 7 7 7 8 7 7 7 7],2022-10-02 14:09:05,476.28979166666664
1.2,02Oct_141822,[ 24  25  26  27  28  29  30  31  56  57  58  59  60  61  62  63 120],[9 9 9 9 9 9 9 9 9 9 9 9 9 9 9 9 9],17,120,24,32,16,29,21,29,21,[7 6 7 7 8 8 8 8 7 8 7 8],2022-10-02 14:18:39,477.700875
1.32,02Oct_143235,[14 15 24 25 26 27 28 29 30 31 56 57 58 59 60 61 62 63],[9 9 9 9 9 9 9 9 9 9 9 9 9 9 9 9 9 9],18,63,14,31,14,28,20,28,20,[11 10  3  3  3 12  3 12  3  4  3  4],2022-10-02 14:32:51,479.795375
1.08,02Oct_144140,[ 25  26  27  28  29  30  31  56  57  58  59  60  61  62  63 120 121],[9 9 9 9 9 9 9 9 9 9 9 9 9 9 9 9 9],17,121,25,33,17,30,22,29,21,[7 5 7 7 7 8 7 8 7 7 7 7],2022-10-02 14:41:56,481.13516666666663
1.2,02Oct_145113,[ 24  25  26  27  28  29  30  31  56  57  58  59  60  61  62  63 120],[7 9 9 9 9 9 9 9 9 9 9 9 9 9 9 9 9 9],17,120,24,32,16,29,21,29,21,[8 6 8 7 8 8 8 8 7 8 8 8],2022-10-02 14:51:30,482.54625
1.32,02Oct_150536,[14 15 24 25 26 27 28 29 30 31 56 57 58 59 60 61 62 63],[9 9 9 9 9 9 9 9 9 9 9 9 9 9 9 9 9 9],18,63,14,31,14,28,20,28,20,[11 10  3  3  3 12  3 12 11  4  3  4],2022-10-02 15:05:53,484.6677916666667
1.08,02Oct_151441,[ 25  26  27  28  29  30  31  56  57  58  59  60  61  62  63 120 121],[9 9 9 9 9 9 9 9 9 9 9 9 9 9 9 9 9],17,121,25,33,17,30,22,29,21,[7 5 7 7 7 8 7 8 7 7 7 7],2022-10-02 15:14:57,486.00512499999996
1.2,02Oct_152415,[ 24  25  26  27  28  29  30  31  56  57  58  59  60  61  62  63 120],[9 9 9 9 9 9 9 9 9 9 9 9 9 9 9 9 9],17,120,24,32,16,29,21,29,21,[7 6 7 7 7 8 8 8 7 8 7 8],2022-10-02 15:24:31,487.4162083333333
1.2,02Oct_170413,[ 24  25  26  27  28  29  30  31  56  57  58  59  60  61  62  63 120],[9 9 9 9 9 9 9 9 9 9 9 9 9 9 9 9 9],17,120,24,32,16,29,21,29,21,[8 6 8 8 8 8 8 8 7 8 8 8],2022-10-02 17:04:30,502.16375
1.32,02Oct_171825,[14 15 24 25 26 27 28 29 30 31 56 57 58 59 60 61 62 63],[9 9 9 9 9 9 9 9 9 9 9 9 9 9 9 9 9 9],18,63,14,31,14,28,20,28,20,[11 10  3  3  4 12  4 12 11  4  3  4],2022-10-02 17:18:41,504.25579166666665
1.2,02Oct_205342,[ 24  25  26  27  28  29  30  31  56  57  58  59  60  61  62  63 120],[9 9 9 9 9 9 9 9 9 9 9 9 9 9 9 9 9],17,120,24,32,16,29,21,29,21,[8 6 8 8 8 8 8 9 7 9 8 8],2022-10-02 20:53:59,536.0125416666666
1.32,02Oct_210753,[14 15 24 25 26 27 28 29 30 31 56 57 58 59 60 61 62 63],[9 9 9 9 9 9 9 9 9 9 9 9 9 9 9 9 9 9],18,63,14,31,14,28,20,28,20,[11 10  4  3 12 12  4 12 11  4  4 12],2022-10-02 21:08:10,538.1045833333333
1.08,02Oct_211733,[ 25  26  27  28  29  30  31  56  57  58  59  60  61  62  63 120 121],[9 9 9 9 9 9 9 9 9 9 9 9 9 9 9 9 9],17,121,25,33,17,30,22,29,21,[7 6 8 8 8 8 8 8 7 8 7 8],2022-10-02 21:17:57,539.547625
1.2,02Oct_212713,[ 24  25  26  27  28  29  30  31  56  57  58  59  60  61  62  63 120],[9 9 9 9 9 9 9 9 9 9 9 9 9 9 9 9 9],17,120,24,32,16,29,21,29,21,[8 6 8 8 8 8 8 9 7 9 8 8],2022-10-02 21:27:29,540.9537916666667
1.32,02Oct_214124,[14 15 24 25 26 27 28 29 30 31 56 57 58 59 60 61 62 63],[9 9 9 9 9 9 9 9 9 9 9 9 9 9 9 9 9 9],18,63,14,31,14,28,20,28,20,[11 10  4  3 12 12 12  4 11  4 12 12],2022-10-02 21:41:40,543.0458333333333
1.08,02Oct_215104,[ 25  26  27  28  29  30  31  56  57  58  59  60  61  62  63 120 121],[9 9 9 9 9 9 9 9 9 9 9 9 9 9 9 9 9],17,121,25,33,17,30,22,29,21,[7 6 8 7 8 8 8 9 7 8 7 8],2022-10-02 21:51:28,544.4913333333333
1.2,02Oct_220044,[ 24  25  26  27  28  29  30  31  56  57  58  59  60  61  62  63 120],[9 9 9 9 9 9 9 9 9 9 9 9 9 9 9 9 9],17,120,24,32,16,29,21,29,21,[8 6 8 8 8 9 8 9 8 9 8 8],2022-10-02 22:01:00,545.8974999999999
1.32,02Oct_221455,[14 15 24 25 26 27 28 29 30 31 56 57 58 59 60 61 62 63],[9 9 9 9 9 9 9 9 9 9 9 9 9 9 9 9 9 9],18,63,14,31,14,28,20,28,20,[12 10  4  3  4 12 12  4 11  4  3 12],2022-10-02 22:15:12,547.992
1.08,02Oct_222359,[ 25  26  27  28  29  30  31  56  57  58  59  60  61  62  63 120 121],[9 9 9 9 9 9 9 9 9 9 9 9 9 9 9 9 9],17,121,25,33,17,30,22,29,21,[8 6 8 8 8 8 8 9 7 8 7 8],2022-10-02 22:24:15,549.326875
1.2,02Oct_224940,[ 24  25  26  27  28  29  30  31  56  57  58  59  60  61  62  63 120],[9 9 9 9 9 9 9 9 9 9 9 9 9 9 9 9 9],17,120,24,32,16,29,21,29,21,[8 6 8 8 8 8 8 9 7 9 8 8],2022-10-02 22:49:59,553.1225416666666
1.32,02Oct_230652,[14 15 24 25 26 27 28 29 30 31 56 57 58 59 60 61 62 63],[9 9 9 9 9 9 9 9 9 9 9 9 9 9 9 9 9 9],18,63,14,31,14,28,20,28,20,[11 10  4  3  4 12  4  4 11  4  3  4],2022-10-02 23:07:12,555.662
1.08,02Oct_231804,[ 25  26  27  28  29  30  31  56  57  58  59  60  61  62  63 120 121],[9 9 9 9 9 9 9 9 9 9 9 9 9 9 9 9 9],17,121,25,33,17,30,22,29,21,[8 6 8 8 8 8 8 9 7 8 8 8],2022-10-02 23:18:31,557.3312083333333
1.2,02Oct_232916,[ 24  25  26  27  28  29  30  31  56  57  58  59  60  61  62  63 120],[9 9 9 9 9 9 9 9 9 9 9 9 9 9 9 9 9],17,120,24,32,16,29,21,29,21,[8 6 8 8 8 9 8 9 7 9 8 8],2022-10-02 23:29:36,558.9659999999999
1.32,02Oct_234629,[14 15 24 25 26 27 28 29 30 31 56 57 58 59 60 61 62 63],[7 9 9 9 9 9 9 9 9 9 9 9 9 9 9 9 9 9 9],18,63,14,31,14,28,20,27,19,[12 10  4  3 11 12 11  4 11  4 11 12],2022-10-02 23:46:48,561.5029999999999
1.08,02Oct_235714,[ 25  26  27  28  29  30  31  56  57  58  59  60  61  62  63 120 121],[9 9 9 9 9 9 9 9 9 9 9 9 9 9 9 9 9],17,121,25,33,17,30,22,29,21,[8 6 8 8 8 8 8 9 7 8 8 8],2022-10-02 23:57:34,563.0910833333332
1.2,03Oct_000820,[ 24  25  26  27  28  29  30  31  56  57  58  59  60  61  62  63 120],[9 9 9 9 9 9 9 9 9 9 9 9 9 9 9 9 9],17,120,24,32,16,29,21,29,21,[8 6 8 8 8 9 8 9 7 9 8 8],2022-10-03 00:08:39,564.725875
1.32,03Oct_002532,[14 15 24 25 26 27 28 29 30 31 56 57 58 59 60 61 62 63],[9 9 9 9 9 9 9 9 9 9 9 9 9 9 9 9 9 9],18,63,14,31,14,28,20,28,20,[ 3 10  4  3 12  4  4 12 11 12  3  4],2022-10-03 00:25:52,567.2653333333333
1.08,03Oct_003617,[ 25  26  27  28  29  30  31  56  57  58  59  60  61  62  63 120 121],[9 9 9 9 9 9 9 9 9 9 9 9 9 9 9 9 9],17,121,25,33,17,30,22,29,21,[8 6 8 8 8 8 8 9 7 8 8 8],2022-10-03 00:36:44,568.8681666666666
1.2,03Oct_004729,[ 24  25  26  27  28  29  30  31  56  57  58  59  60  61  62  63 120],[9 9 9 9 9 9 9 9 9 9 9 9 9 9 9 9 9],17,120,24,32,16,29,21,29,21,[8 6 8 8 8 9 8 9 7 9 8 8],2022-10-03 00:47:49,570.5029583333333
1.32,03Oct_010442,[14 15 24 25 26 27 28 29 30 31 56 57 58 59 60 61 62 63],[9 9 9 9 9 9 9 9 9 9 9 9 9 9 9 9 9 9],18,63,14,31,14,28,20,28,20,[12 10 11  3 12  4 12  4 11 12 12 12],2022-10-03 01:05:02,573.0424166666666
1.08,03Oct_011518,[ 25  26  27  28  29  30  31  56  57  58  59  60  61  62  63 120 121],[9 9 9 9 9 9 9 9 9 9 9 9 9 9 9 9 9],17,121,25,33,17,30,22,29,21,[8 6 8 8 8 8 8 9 7 8 8 8],2022-10-03 01:15:37,574.6034583333333
1.2,03Oct_012622,[ 24  25  26  27  28  29  30  31  56  57  58  59  60  61  62  63 120],[9 9 9 9 9 9 9 9 9 9 9 9 9 9 9 9 9],17,120,24,32,16,29,21,29,21,[8 6 8 8 8 9 8 9 8 9 8 8],2022-10-03 01:26:41,576.2357916666666
1.32,03Oct_014335,[14 15 24 25 26 27 28 29 30 31 56 57 58 59 60 61 62 63],[9 9 9 9 9 9 9 9 9 9 9 9 9 9 9 9 9 9],18,63,14,31,14,28,20,28,20,[ 3 10  4  3  4  4 12  4 11  4  4  4],2022-10-03 01:43:54,578.7752499999999
1.08,03Oct_015437,[ 25  26  27  28  29  30  31  56  57  58  59  60  61  62  63 120 121],[9 9 9 9 9 9 9 9 9 9 9 9 9 9 9 9 9],17,121,25,33,17,30,22,29,21,[8 6 8 8 8 9 8 9 8 9 8 8],2022-10-03 01:54:56,580.4026666666667
1.2,03Oct_022109,[ 24  25  26  27  28  29  30  31  56  57  58  59  60  61  62  63 120],[9 9 9 9 9 9 9 9 9 9 9 9 9 9 9 9 9 4],17,120,24,32,16,29,21,30,22,[8 6 8 8 8 9 8 9 8 9 8 8],2022-10-03 02:21:28,584.3163333333333
1.32,03Oct_023831,[14 15 24 25 26 27 28 29 30 31 56 57 58 59 60 61 62 63],[9 9 9 9 9 9 9 9 9 9 9 9 9 9 9 9 9 9],18,63,14,31,14,28,20,28,20,[12 10 12  4 12  4 12  5  3  4  4 12],2022-10-03 02:38:51,586.880375
1.08,03Oct_024907,[ 25  26  27  28  29  30  31  56  57  58  59  60  61  62  63 120 121 122],[9 9 9 9 9 9 9 9 9 9 9 9 9 9 9 9 9 9],18,122,25,34,17,31,23,29,21,[8 6 8 8 8 9 8 9 8 9 8 8],2022-10-03 02:49:26,588.4414166666667
1.2,03Oct_030021,[ 24  25  26  27  28  29  30  31  56  57  58  59  60  61  62  63 120 121],[9 9 9 9 9 9 9 9 9 9 9 9 9 9 9 9 9 9],18,121,24,33,16,30,22,30,22,[8 7 8 8 8 9 8 9 8 9 8 8],2022-10-03 03:00:41,590.1007916666666
1.32,03Oct_031744,[14 15 24 25 26 27 28 29 30 31 56 57 58 59 60 61 62 63],[9 9 9 9 9 9 9 9 9 9 9 9 9 9 9 9 9 9],18,63,14,31,14,28,20,28,20,[12  2  4  4 12  4 12  5  3  4  4 12],2022-10-03 03:18:04,592.6648333333334
1.08,03Oct_032820,[ 25  26  27  28  29  30  31  56  57  58  59  60  61  62  63 120 121 122],[9 9 9 9 9 9 9 9 9 9 9 9 9 9 9 9 9 9],18,122,25,34,17,31,23,29,21,[8 6 8 8 8 9 8 2 8 9 8 8],2022-10-03 03:28:39,594.225875
1.2,03Oct_033934,[ 24  25  26  27  28  29  30  31  56  57  58  59  60  61  62  63 120 121],[9 9 9 9 9 9 9 9 9 9 9 9 9 9 9 9 9 9],18,121,24,33,16,30,22,30,22,[8 7 8 8 8 9 8 9 8 9 8 8],2022-10-03 03:39:54,595.8852499999999
1.32,03Oct_035657,[14 15 24 25 26 27 28 29 30 31 56 57 58 59 60 61 62 63],[9 9 9 9 9 9 9 9 9 9 9 9 9 9 9 9 9 9],18,63,14,31,14,28,20,28,20,[ 4  2 12  4 12  4 12  5  3  4  4 12],2022-10-03 03:57:17,598.4492916666667
1.08,03Oct_040733,[ 25  26  27  28  29  30  31  56  57  58  59  60  61  62  63 120 121 122],[9 9 9 9 9 9 9 9 9 9 9 9 9 9 9 9 9 9],18,122,25,34,17,31,23,29,21,[8 6 8 8 8 9 9 2 8 9 8 8],2022-10-03 04:07:52,600.0103333333334
1.2,03Oct_041847,[ 24  25  26  27  28  29  30  31  56  57  58  59  60  61  62  63 120 121],[9 9 9 9 9 9 9 9 9 9 9 9 9 9 9 9 9 9],18,121,24,33,16,30,22,30,22,[8 7 8 8 8 9 8 9 8 9 8 8],2022-10-03 04:19:07,601.6697083333333
1.32,03Oct_043509,[14 15 24 25 26 27 28 29 30 31 56 57 58 59 60 61 62 63],[9 9 9 9 9 9 9 9 9 9 9 9 9 9 9 9 9 9],18,63,14,31,14,28,20,28,20,[12  2 12  4 12  4 12  5 11  4  4 12],2022-10-03 04:35:25,604.0739583333333
1.08,03Oct_044412,[ 25  26  27  28  29  30  31  56  57  58  59  60  61  62  63 120 121 122],[9 9 9 9 9 9 9 9 9 9 9 9 9 9 9 9 9 9],18,122,25,34,17,31,23,29,21,[8 7 8 8 8 2 9 2 8 9 8 9],2022-10-03 04:44:28,605.4088333333333
1.2,03Oct_045359,[ 24  25  26  27  28  29  30  31  56  57  58  59  60  61  62  63 120 121],[9 9 9 9 9 9 9 9 9 9 9 9 9 9 9 9 9 9],18,121,24,33,16,30,22,30,22,[8 7 8 8 8 9 8 9 8 9 8 9],2022-10-03 04:54:15,606.8518750000001
1.32,03Oct_050820,[14 15 24 25 26 27 28 29 30 31 56 57 58 59 60 61 62 63],[9 9 9 9 9 9 9 9 9 9 9 9 9 9 9 9 9 9],18,63,14,31,14,28,20,28,20,[12  2 12  4 12  4 12  4  3  4 12 12],2022-10-03 05:08:37,608.9709583333333
1.08,03Oct_051723,[ 25  26  27  28  29  30  31  56  57  58  59  60  61  62  63 120 121 122],[9 9 9 9 9 9 9 9 9 9 9 9 9 9 9 9 9 9],18,122,25,34,17,31,23,29,21,[8 7 8 8 8 2 9 2 8 9 8 9],2022-10-03 05:17:40,610.3058333333333
1.2,03Oct_052710,[ 24  25  26  27  28  29  30  31  56  57  58  59  60  61  62  63 120 121],[9 9 9 9 9 9 9 9 9 9 9 9 9 9 9 9 9 9],18,121,24,33,16,30,22,30,22,[8 7 8 8 8 9 8 9 8 9 8 9],2022-10-03 05:27:27,611.748875
1.32,03Oct_054132,[15 24 25 26 27 28 29 30 31 56 57 58 59 60 61 62 63],[7 9 9 9 9 9 9 9 9 9 9 9 9 9 9 9 9 9],17,63,15,31,15,28,20,28,20,[ 4  2 12  4 12  4 12  5  3  4 12 12],2022-10-03 05:41:48,613.8655
1.08,03Oct_055035,[ 25  26  27  28  29  30  31  56  57  58  59  60  61  62  63 120 121 122],[9 9 9 9 9 9 9 9 9 9 9 9 9 9 9 9 9 9],18,122,25,34,17,31,23,29,21,[8 7 8 8 8 2 9 2 8 9 8 9],2022-10-03 05:50:51,615.200375
1.2,03Oct_060040,[ 24  25  26  27  28  29  30  31  56  57  58  59  60  61  62  63 120 121],[9 9 9 9 9 9 9 9 9 9 9 9 9 9 9 9 9 9],18,121,24,33,16,30,22,30,22,[8 7 8 8 8 9 8 9 8 9 8 9],2022-10-03 06:00:56,616.6876666666666
1.32,03Oct_061501,[15 24 25 26 27 28 29 30 31 56 57 58 59 60 61 62 63],[9 9 9 9 9 9 9 9 9 9 9 9 9 9 9 9 9],17,63,15,31,15,28,20,28,20,[ 4  2 12  4 12  4 12  5  3  5 12 12],2022-10-03 06:15:18,618.80675
1.08,03Oct_062354,[ 25  26  27  28  29  30  31  56  57  58  59  60  61  62  63 120 121 122],[9 9 9 9 9 9 9 9 9 9 9 9 9 9 9 9 9 9],18,122,25,34,17,31,23,29,21,[8 7 8 8 8 2 9 2 8 9 8 9],2022-10-03 06:24:11,620.1170416666666
1.2,03Oct_063435,[ 24  25  26  27  28  29  30  31  56  57  58  59  60  61  62  63 120 121],[9 9 9 9 9 9 9 9 9 9 9 9 9 9 9 9 9 9],18,121,24,33,16,30,22,30,22,[8 7 8 8 8 9 9 9 8 9 8 9],2022-10-03 06:34:51,621.690375
1.32,03Oct_064856,[15 24 25 26 27 28 29 30 31 56 57 58 59 60 61 62 63],[9 9 9 9 9 9 9 9 9 9 9 9 9 9 9 9 9],17,63,15,31,15,28,20,28,20,[ 4  2 12 11 12  4 12  5  3  5 12 12],2022-10-03 06:49:13,623.8094583333333
1.08,03Oct_065826,[ 25  26  27  28  29  30  31  56  57  58  59  60  61  62  63 120 121 122],[9 9 9 9 9 9 9 9 9 9 9 9 9 9 9 9 9 9],18,122,25,34,17,31,23,29,21,[8 7 8 8 8 2 9 2 8 2 9 2],2022-10-03 06:58:50,625.2279166666667
1.2,03Oct_071513,[ 24  25  26  27  28  29  30  31  56  57  58  59  60  61  62  63 120 121],[9 9 9 9 9 9 9 9 9 9 9 9 9 9 9 9 9 9],18,121,24,33,16,30,22,30,22,[8 7 8 8 8 9 9 9 8 9 8 9],2022-10-03 07:15:30,627.68625
1.32,03Oct_072935,[15 24 25 26 27 28 29 30 31 56 57 58 59 60 61 62 63],[9 9 9 9 9 9 9 9 9 9 9 9 9 9 9 9 9],17,63,15,31,15,28,20,28,20,[12  2 12 12 12  5 12  5  3  5 12 12],2022-10-03 07:29:51,629.8028750000001
1.08,03Oct_073838,[ 25  26  27  28  29  30  31  56  57  58  59  60  61  62  63 120 121 122],[9 9 9 9 9 9 9 9 9 9 9 9 9 9 9 9 9 9],18,122,25,34,17,31,23,29,21,[8 7 8 8 9 2 9 2 8 2 9 2],2022-10-03 07:38:54,631.13775
1.2,03Oct_075517,[ 24  25  26  27  28  29  30  31  56  57  58  59  60  61  62  63 120 121],[7 9 9 9 9 9 9 9 9 9 9 9 9 9 9 9 9 9 9],18,121,24,33,16,30,22,29,21,[8 7 8 8 9 9 9 9 8 9 9 9],2022-10-03 07:55:41,633.6132916666666
1.32,03Oct_082536,[ 15  24  25  26  27  28  29  30  31  56  57  58  59  60  61  62  63 120],[9 9 9 9 9 9 9 9 9 9 9 9 9 9 9 9 9 9 7],18,120,15,32,15,29,21,29,21,[ 4  2 12 12 12  5 12  5 12  5  4 12],2022-10-03 08:25:52,638.0653333333333
1.08,03Oct_083458,[ 25  26  27  28  29  30  31  56  57  58  59  60  61  62  63 120 121 122],[9 9 9 9 9 9 9 9 9 9 9 9 9 9 9 9 9 9],18,122,25,34,17,31,23,29,21,[8 7 9 9 9 2 9 2 9 2 9 2],2022-10-03 08:35:15,639.4493749999999
1.2,03Oct_093429,[ 24  25  26  27  28  29  30  31  56  57  58  59  60  61  62  63 120 121],[9 9 9 9 9 9 9 9 9 9 9 9 9 9 9 9 9 9],18,121,24,33,16,30,22,30,22,[8 7 8 8 9 9 9 9 8 9 9 9],2022-10-03 09:34:45,648.225625
1.32,03Oct_094853,[ 15  24  25  26  27  28  29  30  31  56  57  58  59  60  61  62  63 120],[9 9 9 9 9 9 9 9 9 9 9 9 9 9 9 9 9 9],18,120,15,32,15,29,21,29,21,[ 4  3 12 12 12  4 12  5 11  5 12 12],2022-10-03 09:49:10,650.3520833333333
1.08,03Oct_095758,[ 25  26  27  28  29  30  31  56  57  58  59  60  61  62  63 120 121 122],[9 9 9 9 9 9 9 9 9 9 9 9 9 9 9 9 9 9],18,122,25,34,17,31,23,31,23,[9 7 9 9 9 2 2 2 9 2 9 2],2022-10-03 09:58:15,651.691875
1.2,03Oct_101059,[ 24  25  26  27  28  29  30  31  56  57  58  59  60  61  62  63 120 121],[9 9 9 9 9 9 9 9 9 9 9 9 9 9 9 9 9 9],18,121,24,33,16,30,22,30,22,[8 7 8 8 9 9 9 2 8 9 9 9],2022-10-03 10:11:23,653.6290416666666
1.2,03Oct_101717,[ 24  25  26  27  28  29  30  31  56  57  58  59  60  61  62  63 120 121],[9 9 9 9 9 9 9 9 9 9 9 9 9 9 9 9 9 9],18,121,24,33,16,30,22,30,22,[8 7 8 8 9 9 9 2 8 9 9 9],2022-10-03 10:17:34,654.5410833333333
1.32,03Oct_103141,[ 15  24  25  26  27  28  29  30  31  56  57  58  59  60  61  62  63 120],[9 9 9 9 9 9 9 9 9 9 9 9 9 9 9 9 9 9],18,120,15,32,15,29,21,29,21,[ 4  3 12 12 12  5 12  5 11  5 12 12],2022-10-03 10:31:57,656.662625
1.08,03Oct_104046,[ 25  26  27  28  29  30  31  56  57  58  59  60  61  62  63 120 121 122],[9 9 9 9 9 9 9 9 9 9 9 9 9 9 9 9 9 9],18,122,25,34,17,31,23,30,22,[9 7 9 9 9 2 9 2 9 2 9 2],2022-10-03 10:41:02,658.0024166666667
1.2,03Oct_105343,[ 24  25  26  27  28  29  30  31  56  57  58  59  60  61  62  63 120 121],[9 9 9 9 9 9 9 9 9 9 9 9 9 9 9 9 9 9],18,121,24,33,16,30,22,30,22,[8 7 9 8 9 2 9 2 8 2 9 9],2022-10-03 10:54:08,659.9346666666667
1.32,03Oct_110812,[ 15  24  25  26  27  28  29  30  31  56  57  58  59  60  61  62  63 120],[9 9 9 9 9 9 9 9 9 9 9 9 9 9 9 9 9 9],18,120,15,32,15,29,21,29,21,[ 4  3 12 12  4  5 12  5 12  5  4  4],2022-10-03 11:08:29,662.0512916666667
1.08,03Oct_111715,[ 25  26  27  28  29  30  31  56  57  58  59  60  61  62  63 120 121 122],[9 9 9 9 9 9 9 9 9 9 9 9 9 9 9 9 9 9],18,122,25,34,17,31,23,30,22,[9 7 9 9 9 9 9 2 9 2 9 2],2022-10-03 11:17:32,663.3861666666667
1.2,03Oct_113013,[ 24  25  26  27  28  29  30  31  56  57  58  59  60  61  62  63 120 121],[9 9 9 9 9 9 9 9 9 9 9 9 9 9 9 9 9 9],18,121,24,33,16,30,22,30,22,[8 7 8 8 9 2 9 2 8 9 9 9],2022-10-03 11:30:37,665.3159583333334
1.32,03Oct_114442,[ 15  24  25  26  27  28  29  30  31  56  57  58  59  60  61  62  63 120],[9 9 9 9 9 9 9 9 9 9 9 9 9 9 9 9 9 9],18,120,15,32,15,29,21,29,21,[ 4  3 12 12  4  5  4  5  4  5  4  4],2022-10-03 11:44:58,667.4325833333332
1.08,03Oct_115345,[ 26  27  28  29  30  31  56  57  58  59  60  61  62  63 120 121 122],[9 9 9 9 9 9 9 9 9 9 9 9 9 9 9 9 9],17,122,26,34,18,31,23,30,22,[9 7 9 9 9 9 9 2 9 9 9 2],2022-10-03 11:54:01,668.7674583333334
